channelTitle,channelId,videoId,title,publishedAt,year,month
이유있는영상,,J0TOxhOPd1s,[이세돌] 이세계아이돌 - LOCKDOWN (락다운) MV 리뷰,2023-12-21,2023,12
이세계 페스티벌,,w8uZZw1Grp8,[Official] 이세계아이돌 (ISEGYE IDOL) - Superhero | 🌐 이세계페스티벌,2023-12-21,2023,12
이세계 페스티벌,,IdKit_sig7Y,[Official] 이세계아이돌 (ISEGYE IDOL) - OVER | 🌐 이세계페스티벌,2023-12-21,2023,12
DIM,,8iH36_nMKJU,호주에서 이세계아이돌 - &#39;KIDDING&#39; 퍼포먼스를 찍게 될 줄이야... (퍼포먼스 비디오 비하인드) / DIMRIGINAL EP.7 [DIM],2023-12-21,2023,12
4분할,,60PZOIgOJNM,이세계아이돌 KIDDING 챌린지 베스트 영상 모음 | 당신의 선택은?,2023-12-20,2023,12
DIM,,Rj2mFRYdeDw,호주에서 키딩 춤추는 걸 본 왁굳형 반응 #이세계아이돌 #키딩 #우왁굳,2023-12-20,2023,12
반도로디,,8FzKkttJSL8,KIDDING 챌린지 #쇼츠 #키딩챌린지 #키딩 #이세돌 #이세계아이돌,2023-12-19,2023,12
DIM,,cjNUITYKl8Q,이세계아이돌 - KIDDING 퍼포먼스 영상 외국인 리액션 (본인 등판) / DIMRIGINAL EP.6 [DIM],2023-12-19,2023,12
DIM,,hV1Or2cm1zs,호주에서도 샤라웃한 &#39;이세계아이돌&#39; 현 상황 #이세계아이돌 #키딩 #키딩챌린지,2023-12-13,2023,12
DIM,,hwyyTrzCXo0,ISEGYE IDOL(이세계 아이돌) - &#39;KIDDING&#39; Performance Video by VIRTUE [DIM],2023-12-13,2023,12
호발 HOBAL,,arjlwgw8oDw,뒤늦게 오버!! 춰보았습니다... #OVER #오버 #이세돌 #이세계아이돌 #오버챌린지 #dancechallenge #shorts,2023-12-13,2023,12
버니멍,,FbCieHthoAU,제패토 KIDDING #KIDDING #제패토 #이세계아이돌 #이세돌 #키딩 #챌린지 #아이돌 #버추얼 #버튜버,2023-12-10,2023,12
춤추는 혀니,,JLQkYK_dSAM,#춤추는혀니 첫영상  #이 세계아이돌                          키딩챌린지 도전했습니다!♡ㅎㅎ  #shorts #키딩 챌린지 #klDDING#춤 #독학,2023-12-09,2023,12
꾸리,,YkgXTmJoiXM,#kidding #이세계아이돌 #키딩챌린지,2023-12-08,2023,12
에리카,,JsZ4-sbR-_Y,이세계아이돌 소닉구로 KIDDING 챌린지,2023-12-03,2023,12
칭구칭구,,MPdhFpeWmKs,유행지난 키딩챌린지! #제패초#네덜란드#이세계아이돌 #알고리즘떠라 #알고리즘 #챌린지,2023-12-01,2023,12
로멍부계,,sPHkUHW_gMU,이세계 아이돌: 키딩#키딩챌린지 #이세계아이돌 #제페토,2023-11-30,2023,11
Round동글,,gWoRWIB3l0U,KIDDING 이세계 아이돌 노래 #키딩챌린지 #kidding #dance #dancechallenge #youshorts,2023-11-30,2023,11
이에이원TV,,Lh5yW7sA73g,이세계 아이돌 kidding챌린지,2023-11-29,2023,11
바나낭,,EO5ULnitEAs,이세계아이돌 KIDDING 챌린지 #ISEGYE IDOL,2023-11-28,2023,11
잼악들tv,,WCZKtVJNFgo,라이더인데 코인을 먹으면 끝납니다 #이세계아이돌 #라이더 #챌린지 #단합 #아,2023-11-27,2023,11
로멍,,E87knqBRjXo,키딩챌린지#키딩#이세계아이돌 #제페토,2023-11-27,2023,11
이혜림,,-DN-rmpAMo4,이세계아이돌 - 키딩 #이세계아이돌 #키딩챌린지 #dancechallenge #kpopdance #dance #shorts,2023-11-24,2023,11
이도 와,,16vsRxum_24,완소 이세계 아이돌!! 가을과 함께 #키딩챌린지 #키딩 #shorts,2023-11-22,2023,11
🍁夜明け(새벽)🧡,,-2PTy5P61m8,#이세계아이돌 #키딩챌린지 #kidding,2023-11-22,2023,11
석이에 AI이야기,,DSX7-qKGhek,(AnimateDiff 영상) - 이세계아이돌 챌린지[키딩] 원더우먼 버전,2023-11-21,2023,11
밍무MiM,,QUrFIvVVhgo,슈퍼히어로 Superhero💙 #이세계아이돌 #슈히챌린지,2023-11-21,2023,11
이혜림,,2iPbO0f8UnM,이세계아이돌 - 키딩 #이세계아이돌 #키딩챌린지 #dancechallenge #kpopdance #dance #shorts,2023-11-21,2023,11
이혜림,,avXtWHszMxU,이세계아이돌 - 키딩 #이세계아이돌 #키딩챌린지 #dancechallenge #kpopdance #dance #shorts,2023-11-20,2023,11
이혜림,,KmI8Xo46Lsk,이세계아이돌 - 키딩 #이세계아이돌 #키딩챌린지 #dancechallenge #kpopdance #shorts,2023-11-20,2023,11
밍무MiM,,KsHmXh_sIRo,KIDDING💙성지순례 #키딩챌린지 #이세계아이돌,2023-11-17,2023,11
채은쪄,,dtnPAFthdv4,겨울이 왔으니까 #키딩챌린지 #kidding   #이세계아이돌 #버튜버 #킹아 #kpop #이세돌 #구독 #좋아요 #알림설정 #한국외대,2023-11-17,2023,11
StarHills_서희_Dance #서희방송댄스,,dqjh2fZru_8,#방송댄스 #서희방송댄스  #이세계아이돌 #키딩챌린지 #kidding #랜덤플레이댄스 #랜플 #랜플댄 #이세아,2023-11-17,2023,11
StarHills_서희_Dance #서희방송댄스,,K8B1fPkpncQ,#방송댄스 #대구방송댄스 #1학년 #이세계아이돌 #키딩챌린지 #kidding #랜덤플레이댄스 #랜플 #랜플댄,2023-11-17,2023,11
StarHills_서희_Dance #서희방송댄스,,vCvW9gHDnGo,#방송댄스 #대구방송댄스 #금호지구 #이세계아이돌 #키딩챌린지 #kidding #랜덤플레이댄스 #랜플 #랜플댄,2023-11-17,2023,11
StarHills_서희_Dance #서희방송댄스,,JoyBXto-tZ8,#방송댄스 #대구방송댄스 #1학년 #이세계아이돌 #키딩챌린지 #kidding #랜덤플레이댄스 #랜플 #랜플댄,2023-11-17,2023,11
룰루랄라,,GTk2GtSanO0,이세계아이돌 챌린지#shorts,2023-11-17,2023,11
이혜림,,KmEmKXwPHKY,이세계아이돌 - 키딩 #이세계아이돌 #키딩챌린지 #dancechallenge #kpopdance #shorts,2023-11-17,2023,11
이혜림,,bZgFFumqqL8,이세계아이돌 - 키딩 #이세계아이돌 #키딩챌린지 #dancechallenge #kpopdance #shorts,2023-11-17,2023,11
이혜림,,5kGNBBHClVE,이세계아이돌 - 키딩 #이세계아이돌 #키딩챌린지 #dancechallenge #kpopdance ##shorts,2023-11-17,2023,11
이혜림,,plKXnFesOCE,이세계아이돌 - 키딩 #이세계아이돌 #키딩챌린지 #dancechallenge #kpopdance #shorts,2023-11-17,2023,11
이혜림,,Czkijq3yHqs,이세계아이돌 - 키딩 #이세계아이돌 #키딩챌린지 #dancechallenge #kpopdance #shorts,2023-11-17,2023,11
힙합걸GX,,8MlejYSxj6E,집현초 1짱들의 뚝딱이 댄스  #키딩챌린지 #이세계아이돌 #쇼츠 #kidding,2023-11-16,2023,11
김인석,,RmRSAPBZyrs,키딩 커버.                       #이세돌 #키딩 #키딩챌린지 #이세계아이돌 #kidding #커버 #cover #고딩 #수능화이팅,2023-11-16,2023,11
러비뮤직,,KBGjs755BGU,#kidding #이세계아이돌 #이세돌 #키딩 #키딩챌린지 #키즈댄스 #tj멀티핏 #러비쌤 #거울모드 #1절,2023-11-15,2023,11
서인선TV노래강사&가수(딩동댕인생),,geUalBjOZzw,kidding 초3  박봄 댄스실력~~#이세계아이돌#kidding#댄스챌린지#shorts,2023-11-15,2023,11
서우,,ItsKZns_IWU,#이세계아이돌#키딩#kidding#딩가딩가스튜디오#여긴어뗘#challenge #kpopdance #독학댄스 #랜덤플레이댄스 #rpd,2023-11-15,2023,11
베이비젬므,,hGApCoED3RY,KIDDING : 여덟살 여자아이의 이세계아이돌 키딩 댄스 챌린지,2023-11-13,2023,11
마스터댄스 Master Dance Studio,,c9i8DxHJL4U,언니들도 해봤어요! 키딩~ 키딩~ #이세계아이돌 #키딩챌린지 #커버댄스,2023-11-11,2023,11
우모UMO,,xuUAndpyrkM,KIDDING :: 이세돌 #이세계아이돌 #키딩챌린지 주존사 ...🥹,2023-11-11,2023,11
쇼니♡,,5JsjcQ9Jv_0,이세계 아이돌의 KIDDING 댄스 챌린지 #쇼니,2023-11-11,2023,11
서린나라,,h_5Bw05t7qQ,#kidding #이세돌 #이세계아이돌 #youtube #youtubeshorts #zepeto #zepetoedit #zepetofyp #challenge,2023-11-11,2023,11
Cansy Legends,,C_wDPkUUwCk,rwarr dance #이세돌 #이세계아이돌 #키딩 #키딩챌린지 #dancing #shorts #remix,2023-11-09,2023,11
이혜림,,2oNu5bF7KmI,이세계아이돌 - 키딩 #이세계아이돌 #키딩챌린지 #키딩 #kidding #kpopdance #dance #dancechallenge #shorts,2023-11-09,2023,11
이혜림,,yKg5supBNuU,이세계아이돌 - 키딩 #이세계아이돌 #키딩챌린지 #키딩 #kidding #kpopdance #dancechallenge #dance #shorts,2023-11-09,2023,11
이혜림,,HpjVcYl1lWs,이세계아이돌 - 키딩 #이세계아이돌 #키딩챌린지 #키딩 #kidding #kpopdance #dancechallenge #dance #shorts,2023-11-09,2023,11
이혜림,,tRnH8A-vymo,이세계아이돌 - 키딩 #이세계아이돌 #키딩챌린지 #키딩 #kidding #kpopdance #dancecover #dance #shorts,2023-11-09,2023,11
이혜림,,JIFwgqAVits,이세계아이돌 - 키딩 #이세계아이돌 #키딩챌린지 #키딩 #kidding #kpopdance #dancechallenge #dance #shorts,2023-11-07,2023,11
이혜림,,x2PbNI7iEIM,이세계아이돌 - 키딩 #이세계아이돌 #키딩챌린지 #키딩 #kidding #kpopdance #dancechallenge #dance #shorts,2023-11-07,2023,11
이혜림,,PlyjE34cfLA,이세계아이돌 - 키딩 #이세계아이돌 #키딩 #키딩챌린지 #kidding #kpopdance #dancechallenge #dance #short,2023-11-07,2023,11
이혜림,,TfOYNCT5LgE,이세계아이돌 - 키딩 #이세계아이돌 #키딩챌린지 #키딩 #kidding #dancecover #dancechallenge #shorts,2023-11-07,2023,11
코드네임X,,EG-a8tEW2JY,바이올렛의 KIDDING 챌린지 #키딩챌린지 #키딩 #이세계아이돌,2023-11-04,2023,11
뿌삐빠빠,,6fSRkxs_Y3Y,힣    # 이세돌  이세계의 아이돌#키딩  챌린지 #쇼츠춤,2023-11-04,2023,11
미즈망의 일상,,D9-3-luHr4I,늦은 김에 아예 늦어보자 🩵 #해파리 #이세돌 #이세계아이돌 #슈퍼히어로 #Superhero #슈히챌린지,2023-11-03,2023,11
룽이네 놀이터,,ngULG_SOtMw,[Zepeto Challenge] KIDDING - 이세계 아이돌,2023-11-01,2023,11
ZEPETO JEI,,DAO4NIu-B54,#제페토 #zepeto #zepetofyp #키딩 #키딩챌린지 #kidding #이세돌 #이세계아이돌 #challenge #cover #video #videoedit #edit,2023-10-31,2023,10
hoehyeon김준현,,N_vpmhY-X6U,이세계아이돌 (ISEGYE IDOL) 키딩 『kidding』TikTok challenge #이세계아이돌 #dancechallenge #키딩챌린지 #shorts,2023-10-31,2023,10
꽃쳰,,Fw3SFtivKGs,Superhero (징버거.ver) #슈히챌린지 #이세계아이돌,2023-10-31,2023,10
하루밍はるみん,,7H78geg6fqg,이세돌 KIDDING♥노들섬 성지순례 #키딩챌린지 #이세계아이돌,2023-10-31,2023,10
한캐나,,PZwmeeqr-tw,디테일한 아이네의 미니룸 +망냥쁘니 #이세계아이돌 #이세돌 #팬아트 #슈퍼히어로#superhero#슈퍼히어로 챌린지#superhero챌린지#그림세돌,2023-10-29,2023,10
하루밍はるみん,,3WnRGGGgnkU,Superhero 슈퍼히어로 (주르르 ver.) #슈히챌린지 #이세계아이돌,2023-10-29,2023,10
이재원TV,,S8zvlTGwVaI,이세계아이돌 - #kidding #키딩 #키딩챌린지 #이세계아이돌 #이세돌 #킹아 #shorts | H.O.T.이재원,2023-10-28,2023,10
SEV Single Eyelid,,c4fVFU6u8yo,ISEGYE IDOL #KIDDING #키딩 #키딩챌린지 #이세계아이돌 🎮 #SEV #KPOPDanceCover #Shorts,2023-10-28,2023,10
에그파이,,JN8WfsO45sQ,이세계아이돌 막차 탑승🖤 #shorts #challenge #kidding #키딩챌린지 #이세계아이돌 #댄스챌린지 #쇼츠,2023-10-27,2023,10
이혜림,,Ym7GN-Ra7TM,이세계아이돌 - 키딩 #이세계아이돌 #키딩챌린지 #키딩 #kpopdance #dance #shorts,2023-10-27,2023,10
원원OneOne,,banWlIe1zZs,『키딩 챌린지』 #KIDDING #이세계아이돌 #징버거,2023-10-27,2023,10
지원사랑TV,,Dck9Es-4VVs,오랜만에 돌아온 키딩!                                            #이세계아이돌 #키딩챌린지#신청받아요 #댄스 #shorts,2023-10-25,2023,10
이혜림,,SN2cjR3ycBg,이세계아이돌 - 키딩 #이세계아이돌 #키딩챌린지 #키딩 #kpopdance #dance #shorts,2023-10-25,2023,10
이혜림,,nzjxicM6LGQ,이세계아이돌 - 키딩 #이세계아이돌 #키딩챌린지 #키딩 #kpopdance #dance #shorts,2023-10-25,2023,10
이혜림,,kJ_IXYrwl7U,이세계아이돌 - 키딩 #이세계아이돌 #키딩챌린지 #키딩 #kpopdance #dance #shorts,2023-10-25,2023,10
이혜림,,3oJ2OdHwSz0,이세계아이돌 - 키딩 #이세계아이돌 #키딩챌린지 #키딩 #kpopdance #dance #shorts,2023-10-25,2023,10
이혜림,,xGM2MIuRl1c,이세계아이돌 - 키딩 #이세계아이돌 #키딩챌린지 #키딩 #kpopdance #dance #shorts,2023-10-25,2023,10
이혜림,,qe_JOE3R5Kk,이세계아이돌 - 키딩 #이세계아이돌 #키딩챌린지 #키딩 #kpopdance #dance #shorts,2023-10-25,2023,10
유키라,,-r9rPOKkS5g,🍃 #이세계아이돌 #kidding  #키딩챌린지 #shorts,2023-10-24,2023,10
유죠² YJYJ,,5n4E-BKWWek,🦸‍♀️슈퍼히어로✨️ #슈히챌린지 #이세계아이돌 #Superhero,2023-10-23,2023,10
Rebexk리백,,uNWkNP2G_LI,[cosplay] 이세돌 Kidding 커버 아이네 직캠ver. #이세계아이돌 #키딩챌린지,2023-10-22,2023,10
플룻은 플로리_Flori,,2udAzAEK_m0,졸졸 따라다녀 Flute 플룻 #키딩 #이세계아이돌 #키딩챌린지 #shorts,2023-10-22,2023,10
NovataSecondLife,,3xy1Kw3851c,ISEGYE IDOL 💖 이세계아이돌 ✨ Kidding #dance #challenge #shorts #kidding #zepeto #ai #animation #funny,2023-10-22,2023,10
내가왔쏭,,Jwr22U4uACs,이세계아이돌 키딩 커버 댄스..? #이세계아이돌 #키딩챌린지 #키딩 #kidding #댄스커버 #커버댄스 #코스프레 #cosplay,2023-10-22,2023,10
남매빵집,,-6oveNiBksY,키딩챌린지#이세계아이돌 #제페토,2023-10-21,2023,10
로엘라,,dmTVLhMUhJc,#이세계 아이돌 챌린지,2023-10-21,2023,10
정폴이,,OpPjhRd6-xU,10분만에 #이세돌 #kidding 따봄 #shorts #이세계아이돌 #키딩 #키딩챌린지 #거울모드,2023-10-19,2023,10
이혜림,,PNMz-ioCWEU,이세계아이돌 - 키딩 #이세계아이돌 #키딩챌린지 #kpopdance #dance #shorts,2023-10-19,2023,10
RRIRRI,,Kk15RKtaKuY,😊 이세계아이돌 KIDDING 댄스 챌린지 💖 #dancechallenge #키딩챌린지 #이세계아이돌 #이세돌,2023-10-18,2023,10
카야닝,,0Xehi6Z-DZ8,Superhero 챌린지 #superhero #이세계아이돌 #슈퍼히어로 #이세돌 #shorts,2023-10-18,2023,10
승대리,,6TGZaZZeCjQ,KIDDING 넘 중독성 쩐다~~!!💖 #키딩챌린지 #이세계아이돌 #이세돌 #dance #shorts,2023-10-18,2023,10
눙눙,,1NJxwy0-91A,이세계 아이돌 키딩 챌린지💕 유행지났지만... 그래도 해보고 싶댜 ... 구독 좋아요 많이 눌러 주세요!!💝,2023-10-17,2023,10
춤추는엘레,,_TKI-8s2daI,이세계아이돌(ISEGYE IDOL) OVER(오버) 클라이맥스 댄스챌린지 #shorts,2023-10-15,2023,10
유현아,,PJY8x-3WKaE,이세계 아이돌 노래 맞춰 태권도 챌린지  #태권도 #이세돌 #이세계아이돌 #키딩챌린지,2023-10-15,2023,10
효굴효굴,,vL7tNLfa5D0,텍미투유월드!!! 이세계아이돌 - cover #vtuber #키딩챌린지 #이세계아이돌 #이세돌 #kidding,2023-10-15,2023,10
조만간 아이돌! 러블리 꽃가비TV,,fNAewheqXHc,"이세계 아이돌, 키딩 챌린지",2023-10-15,2023,10
공주희,,DvgYZxkcOl8,#challenge #이세계아이돌,2023-10-14,2023,10
채이쁨♥︎,,c9X7aO0dX5M,#kidding #아이돌 #댄스 #춤 #이세계아이돌 #이세돌 #키딩 #챌린지 #shorts #쇼츠 #13년생 #초등댄스 #아이돌지망생,2023-10-14,2023,10
보링이의 놀이교실,,CRIwyMdf76o,#zepeto #dance #challenge #이세계아이돌 #키딩 #키딩챌린지 #kidding,2023-10-13,2023,10
유현아,,GZwbohzutok,이세계 아이돌 KIDDING 따라하기 #이세돌 #이세계아이돌 #키딩챌린지 #KIDDING,2023-10-13,2023,10
쏘쏘데이 SOSODAY,,zkHOJnYeiRQ,KIDDING Challenge - 이세계아이돌,2023-10-13,2023,10
국립어린이과학관,,gRNLyfEL9q4,사이도 춤추게 하는🎶 #이세계아이돌 #KIDDING #챌린지,2023-10-13,2023,10
퀸한나,,IFOZ3ur-4mk,날씨좋고💕#키딩챌린지 #이세계아이돌 #김한나 #치어리더 #야구장,2023-10-12,2023,10
PoPoo,,5GMdeQznQj4,이세계 아이돌 키딩 챌린지 막차 타기 🫶🏻 #KIDDING #이세계아이돌 #키딩챌린지,2023-10-12,2023,10
화성인 릴도지,,auHCaxsKiJA,리세계아이돌 - KILLING / 원곡 : 이세계아이돌 - KIDDING,2023-10-12,2023,10
juzu,,1xxfh6o4x10,#kidding #이세계아이돌 #이세돌 #키딩챌린지 #키딩 #dance #cover #춤,2023-10-11,2023,10
인게이지 Ingauge,,vDMgzOIeGXU,마인크래프트 이세계아이돌 - KIDDING (키딩) 챌린지 비교 영상,2023-10-11,2023,10
Nothing7,,sk4h57BGXTg,징버거 직캠 패러디 KIDDING 키딩 챌린지 이세계아이돌 JINGBURGER Parody Challenge #ZEPETO #trend #viral #shorts,2023-10-11,2023,10
KPOP♡kids 루나자매*るな姉妹,,9XeQw2L4qcI,KIDDING 챌린지🎵 踊ってみた!!  #KIDDING #키딩챌린지 #이세계아이돌 #14년생 #8歳,2023-10-11,2023,10
유찬_Uchan,,myjQmIW9T2Q,드럼 챌린지 #KIDDING #이세계아이돌,2023-10-11,2023,10
na N,,L5XH_97AGm8,이세돌 슈히 챌린지 킹아~ #이세계아이돌 #이세돌 #슈퍼히어로 #Superhero #슈히챌린지,2023-10-10,2023,10
구미정수초 윤쌤,,Ht5hofQzTlI,#이세계아이돌 #이세돌 #키딩챌린지  #kidding #kpop,2023-10-10,2023,10
떡즈,,KYxnDKH2VVs,키딩  챌린지 #ㅊㅊㅊㅊ#kidding #이세계아이돌 #이세돌 #리즘아사랑해 #zepeto,2023-10-10,2023,10
리우 아카데미🍒,,Pv5i9YMbexI,#challenge #dancecover #kidding #이세계아이돌 #독학 #14년생 #kpop #kpopdancecover,2023-10-10,2023,10
짹Xaeik,,jmxhKpkuVSg,이세계아이돌 Kidding챌린지 댄스커버 ❤️‍🔥 #이세계아이돌 #kidding #이세돌,2023-10-10,2023,10
호정 이,,NxYTu0dkk70,#이세계아이돌 #키딩챌린지 #키딩 #쇼츠 #kidding #shorts,2023-10-09,2023,10
이연지,,qLe2ajgo2Os,#shorts #kidding #키딩#키당챌린지#이세계아이돌#이연지#챌린지#challenge,2023-10-09,2023,10
혜엱,,oeX4GZ4zFRo,키딩 챌린지 #이세계아이돌  #이세돌 #왁타버스 #zepeto #재페토 #박자안맞을지도,2023-10-09,2023,10
뽀송_love,,v13qmUaRwxI,#포용계 #쇼츠 #다이소 #asmr #키딩챌린지 #이세계아이돌 #포장계 #자포자뜯#포장#뉴진스,2023-10-09,2023,10
호서tv,,TD1ErqoBXiQ,#제페토 #이세계아이돌 #Kidding 챌린지,2023-10-08,2023,10
인게이지 Ingauge,,DonpR1O7odg,마인크래프트 이세계아이돌 - KIDDING (키딩) 챌린지 REMAKE ver.  #shorts,2023-10-08,2023,10
린제Linze,,xvsrZ3-vLUY,💛징버거 코스프레로 키딩 챌린지! #shorts #이세계아이돌 #kidding,2023-10-08,2023,10
블루윙즈 단비,,OIMLxtNLBkI,이세계아이돌 키딩[Kidding] 챌린지  #수원삼성 #블루윙즈 #k리그 #이세계아이돌 #kidding #빅버드,2023-10-08,2023,10
뱅키Bangkey,,MRXhp3GI4TQ,#kidding #이세계아이돌 #키딩챌린지,2023-10-08,2023,10
사슴 Deer,,b-Z93wxpk2g,제 174회 서울 코믹월드 무대 [이파리들의 아이돌] 이세계 아이돌 - KIDDING,2023-10-08,2023,10
블랭크 BLANK,,Ew2Y6LVCcPg,#shorts | ✌️키딩챌린지✌️ 킹아~ | #이세돌 #키딩챌린지  #이세계아이돌 #블랭크,2023-10-08,2023,10
로엘라,,mv38bQQYhgE,#이세계아이돌 챌린지,2023-10-08,2023,10
달타,,UBLktgCNdbA,이세계아이돌(ISEGYE IDOL) - Superhero (슈퍼히어로)ㅣDance 챌린지 #shorts,2023-10-08,2023,10
LUNA_루나,,2ZeLfK8VNQ0,#이세계아이돌 #kidding #fyp #shorts #zepeto #challenge,2023-10-07,2023,10
하루밍はるみん,,Gz0bUN5cmME,KIDDING(릴파 연습실 ver.) #키딩챌린지 #이세계아이돌,2023-10-07,2023,10
하루밍はるみん,,dXQDc4DhocM,KIDDING 연습(릴파 파트) #이세계아이돌 #키딩챌린지,2023-10-07,2023,10
갈비퀸 galbiqueen,,MpqWCAJAcqc,일품나라 MZ 신입사원 #키딩챌린지 #이세계아이돌 #kidding #키딩 #댄스 #춤 #회사원 #일품나라,2023-10-07,2023,10
서피카 PICA,,2qsExtqTinM,#버튜버 가 말아주는 이세계아이돌 #superhero 챌린지 #이세돌 #vtuber #멜리고,2023-10-07,2023,10
이츄ICHU,,GVSGfEdCZjU,이세계 아이돌-키딩 cover.이츄 ver. #이츄 #쇼츠 #키딩챌린지,2023-10-07,2023,10
이재원TV,,JLoEql8VFfY,남자버전 이세계아이돌 #kidding 챌린지 #이세돌 #이세계아이돌 #고세구 #키딩 | H.O.T. 이재원,2023-10-06,2023,10
나봉 nabong,,OHAu6davu1A,이세카이 아이도루🤍 #이세계아이돌 #이세돌 #키딩 #키딩챌린지 #kidding #kpop #shorts,2023-10-06,2023,10
신사장,,scAWMrK7_hc,이파리가 #슈퍼히어로챌린지 찍는법 앙~ 킹아띠👍 #이세계아이돌 #superhero #슈히챌린지 #shorts,2023-10-06,2023,10
meverse,,1R7RzkepRD0,[ZEPETO] 이세계 아이돌(ISEDOL) - Kidding Challenge,2023-10-06,2023,10
윤지뭐해윤,,bkLNN0PnqKM,SUPERHERO🩵🩵  #Superhero #슈퍼히어로 #슈히챌린지 #이세계아이돌 #이세돌,2023-10-06,2023,10
Lala and Lulu,,EhgRw9kDjh8,이세계아이돌 KIDDING 챌린지 🎵,2023-10-06,2023,10
재리미 세상♥️,,KgdyeYl9SBY,키딩챌린지 이세계아이돌♡♡♡제페토 돈이없어서 신발 양말은 못 구매했어요^^,2023-10-06,2023,10
주은,,qommOqvEZEs,[ZEPETO] 이세계아이돌 KIDDING 챌린지 #이세계아이돌 #키딩 #KIDDING #버츄얼 #릴파 #고세구 #비챤 #징버거 #아이네 #주르르,2023-10-06,2023,10
다니🧸💛,,dVzQcK_DRBc,이세계 아이돌은 다니도 춤추게한다 #제페토 #zepeto #challenge #챌린지 #kidding #키딩챌린지 #이세계아이돌,2023-10-06,2023,10
Los°로스,,FfwgzMJVSts,KIDDING 챌린지 - 고세구 ver. #제페토 #키딩챌린지 #이세계아이돌 #고세구 #zepeto,2023-10-06,2023,10
긴머리율엄마,,k8_4JRoUNjc,이세계아이돌-슈퍼히어로 챌린지 #self #shors #쌍둥이 #머리길어짐 #앞이 안보임 #웃김 #챌린지 제대로 한거 맞아??,2023-10-06,2023,10
Nothing7,,WoUw2YzqpqM,이세계아이돌 vs 저세계아이돌 KIDDING 챌린지 징버거 패러디 JINGBURGER Parody Challenge #키딩 #kidding #trend #viral #shorts,2023-10-06,2023,10
보라보랏TV,,AnKa1z6ajhI,#키링 #챌린지 #kidding #이세계아이돌 #고양이,2023-10-05,2023,10
제페토_이레,,ABmIuUjZvxg,#Kiddingchallenge #이세돌 #이세계아이돌 #kidding #키딩챌린지 #shorts,2023-10-05,2023,10
ZZang히,,vkCMeCoJieI,#키딩챌린지 #이세계아이돌 #kidding #몸치,2023-10-05,2023,10
악천tube,,JNAwlynM8dI,이세계아이돌-kidding challenge,2023-10-05,2023,10
정다시,,yCpPf4toMSM,계속 흥얼거리는 중..🤤 #이세계아이돌 #kidding #키딩 #댄스 #댄스챌린지 #shorts #dance #challenge #kpop,2023-10-05,2023,10
GS25 편의점택배,,RDxQ-Z63-Oc,춤추는 손님은 사실 이세계 아이돌? #키딩 #키딩챌린지 #이세돌 #이세계아이돌,2023-10-05,2023,10
져니,,4MmeombJQe4,#이세계아이돌 #dance  #쇼츠 #댄스 #키딩챌린지 #키딩 #kidding #이세돌 #kpop,2023-10-05,2023,10
래리larry,,6vXuU0cC7A8,이세계아이돌 KIDDING 챌린지✨,2023-10-05,2023,10
케지민 kejimin,,wQltl121D44,키딩챌린지 이세돌이 될수 있을꽈? #케지민 #kejimin #이세계아이돌 #kidding,2023-10-05,2023,10
쥬쥬티v,,RbMwPqULqto,#키딩챌린지 #키딩 #이세계아이돌 #kidding 추기 드디어 배워왔따!,2023-10-05,2023,10
센티미터,,7EZKBK4sV6g,암어 슈퍼 히어로  #이세계아이돌 #shorts #슈퍼히어로챌린지,2023-10-04,2023,10
김묘묘,,5qNbR2vOiuA,슈퍼히어로🦸🏼‍♀️챌린지 #superhero #슈히챌린지 #이세계아이돌,2023-10-04,2023,10
혜련 HR,,IlZUNgHKvd4,이세계아이돌 (ISEGYE IDOL) - KIDDING (키딩) 댄스 커버 DANCE COVER 챌린지 CHALLENGE,2023-10-04,2023,10
빈자리있어예,,KOG2z-FfDUI,#이세계아이돌 #키딩챌린지 #키딩 내가 빠진 첫아이돌•••🥹,2023-10-03,2023,10
만듀냥,,WyAX7XTicnI,이세계 아이돌 Kidding춤 챌린지💚,2023-10-03,2023,10
댄스배스타,,QWzpy6KxiC8,다들마지막연휴도 즐겁게보내시길!! #댄스 #챌린지 #이세계아이돌 #kidding,2023-10-03,2023,10
이에즈님 일상,,BpHT-kfnBLo,[Superhero-이세계아이돌] 1절후렴 #cover_dance #이세계아이돌 #이세돌 #superhero #슈퍼히어로 #슈히챌린지,2023-10-03,2023,10
Aloha채릉,,JNHm6damMT0,#shorts 슈퍼히어로💓🦸‍♂️ #Superhero #슈퍼히어로 #슈히챌린지 #이세계아이돌 #이세돌,2023-10-02,2023,10
꽃설화_,,Ro9cDuhih4o,막차 탑승 완료 KIDDING 챌린지 #kidding_me_level  #키딩챌린지 #이세계아이돌,2023-10-02,2023,10
애플퐁,,9V8VaGoFsTo,춤린이 애플의 이세계아이돌 KIDDING 댄스 챌린지 🐶 #키딩챌린지 #이세계아이돌 #이세돌,2023-10-02,2023,10
귀욤쓰,,UBHHnVfNjWY,14년생이 추는 이세계아이돌 KIDDING 댄스 챌린지 귀욤쓰 #challenge #shorts,2023-10-02,2023,10
휠렛버거쿤,,FEuh-MKKQkc,09 Superhero!!(고글) #Superhero #슈퍼히어로 #슈히챌린지 #이세계아이돌 #이세돌,2023-10-02,2023,10
마사911,,pADOGyOtNOI,여동생과 슈퍼히어로 챌린지#superhero #슈퍼히어로 #슈히챌린지 #이세계아이돌 #이세돌 #dance #챌린지,2023-10-01,2023,10
9호,,UEfr0g0Tc3w,✨Superhero✨ #shorts #Superhero #슈히챌린지 #이세계아이돌 #이세돌,2023-10-01,2023,10
쁘띠큘녀 유튜브의 여왕!,,psBsxDjnTJw,여와님 간식 시간!! #네즈코 #키딩챌린지 #키딩 #이세계아이돌,2023-09-30,2023,9
마카,,FUfKSazwSp0,춤못 추는 그림쟁이의 챌린지참여법 #그림 #이세돌 #이세계아이돌 #Superhero #슈퍼히어로,2023-09-30,2023,9
사이다 42dadada,,SdUYr9g7pAY,버츄얼이 직접춘 #키딩챌린지 #kidding #이세돌 #shorts #이세계아이돌,2023-09-30,2023,9
부기팩토리 BoogieFactory,,A0YA7F4KznM,마인크래프트 KIDDING 챌린지 #마인크래프트 #키딩챌린지 #이세계아이돌 off animation,2023-09-30,2023,9
통통코 노래방 TongtongCono,,YRGstujGrC4,슈퍼히어로 가짜 챌린지 #이세계아이돌,2023-09-30,2023,9
쿠키상상,,TPHOgaQshcA,키딩 고양이 챌린지 #이세계아이돌 #이세돌 #그림#키딩 #챌린지,2023-09-30,2023,9
핏어팻[PAP],,N3JV-3wLwfE,KIDDING 챌린지 막차타기💖 #kidding #이세계아이돌 #이세돌 #키딩챌린지 #키딩,2023-09-30,2023,9
이무지,,UPX5IONdC8E,이세계아이돌(ISEGYE IDOL) - Superhero (슈퍼히어로)ㅣDance 챌린지,2023-09-29,2023,9
냥냥뿡,,yrXVK_dOiHk,슈퍼히어로~!!!#Superhero #슈퍼히어로 #슈히챌린지 #이세계아이돌 #이세돌,2023-09-29,2023,9
이삐삐BBiBBi,,P4Y5GkpN2dE,이세계아이돌 덕밍아웃💙 (키딩커버)#키딩챌린지#kidding#이세계아이돌,2023-09-29,2023,9
춤추는은경[Dancing Eunkyung],,Fu4yy1X6wCE,07년생이 추는 키딩 KIDDING challenge | 독학 | 이세계아이돌 | 신청곡 #shorts,2023-09-29,2023,9
파랑쇼츠,,XeUliuuqXgM,이세계 아이돌 키딩키딩 챌린지 파랑이,2023-09-29,2023,9
비닐하우스,,8c4ooqBdXo4,&#39;Big T-Shirt Billie&#39; 챌린지-이세계아이돌 고세구 #shorts,2023-09-28,2023,9
유라라(you rara),,6W5EPmaLDBE,요즘 유행하는#이세계아이돌 의#키딩#챌린지,2023-09-28,2023,9
다운업다운,,X352y647UVQ,흔한 여대생 팬치들이 추는 이세계아이돌 SUPERHERO 챌린지 ❤️‍🔥 #superhero #슈퍼히어로 #슈퍼히어로챌린지 #이세계아이돌 #이세돌 #shorts,2023-09-28,2023,9
서현서,,5TwLOdwi3iU,#12년생 #댄스커버 #이세계아이돌 #키딩챌린지 #kidding,2023-09-28,2023,9
medibel_미디벨,,JTXHm-rDtHM,KIDDING 챌린지를 리듬게임으로ㅣ이세계아이돌(ISEGYE IDOL) - KIDDING HIGHLIGHTㅣby PELEX,2023-09-28,2023,9
쥬쥬티v,,Xh9hA9Vrecw,#키딩챌린지 #이세계아이돌,2023-09-28,2023,9
도콩이,,uPoVFBBqNw4,#키딩챌린지 #이세계아이돌,2023-09-28,2023,9
김다운,,MlFRtOf71Bw,이세계아이돌 Superhero 댄스 챌린지 탑승 #superhero  #슈퍼히어로 #슈히챌린지 #이세계아이돌 #이세돌,2023-09-27,2023,9
Los°로스,,Et52yi1poac,KIDDING 챌린지 - 릴파 Ver. #제페토 #키딩챌린지 #이세계아이돌 #릴파 #zepeto,2023-09-27,2023,9
Virtual 오데트,,UXdUm4mNN3I,kidding 직접 춤춰보았다💗  #shorts #kidding #이세계아이돌 #키딩챌린지 #이세돌,2023-09-27,2023,9
집뚜니에여,,xFageYQvFAk,이세계 아이돌 키딩 안무 챌린지 #shorts,2023-09-27,2023,9
은슈가tv,,lXXH6mgxPB8,추석 잘 보내세요~🥳❤️/#추석 /#이세계아이돌 /#키딩챌린지 /#키딩 /#댄스,2023-09-27,2023,9
Pel,,NwIm7YE484c,보지마세요. #Superhero #슈퍼히어로 #슈히챌린지 #이세계아이돌 #이세돌​,2023-09-27,2023,9
SEE SAW,,7ZyRdWFOV3Y,이세계아이돌 Superhero ( 슈퍼히어로 ) #Superhero #슈퍼히어로 #슈히챌린지,2023-09-27,2023,9
Los°로스,,r0lf1AbRiJ0,KIDDING 챌린지 - 주르르 Ver. #제페토 #키딩챌린지 #이세계아이돌 #주르르 #zepeto,2023-09-27,2023,9
진주덕후 하모TV,,vC1kHm8xCcc,#이세계아이돌 하모도 탑승💙 :3 #이세돌 #키딩챌린지 #shorts #tiktok #funny,2023-09-27,2023,9
윶니 YUJIN,,HQUegcRppd8,ISEGYE IDOL (이세계아이돌) - KIDDING #키딩챌린지 #이세계아이돌 #Kidding #guitarcover,2023-09-26,2023,9
한솜 Hansom,,yZ6wZiT8Rr0,60kg도 아이돌 데뷔합니다 🫶 #이세계아이돌 #키딩챌린지 #66사이즈 #dancecover,2023-09-26,2023,9
Round동글,,FKU4eRzoDPI,KIDDING 이세계 아이돌 노래 #키딩챌린지 #kidding #dance #dancechallenge #youshorts,2023-09-26,2023,9
카린야 Calinya,,KmVAV_xO5F8,이세계아이돌(ISEGYE IDOL) - OVER (오버)ㅣ댄스 챌린지! #shorts,2023-09-25,2023,9
카린야 Calinya,,l4OEcw5Izwc,이세계아이돌(ISEGYE IDOL) - Superhero (슈퍼히어로)ㅣDance 챌린지 #shorts,2023-09-25,2023,9
쁘니별,,U1QWJOevqog,몸치에 이세계아이돌도전기 #이세계아이돌 #kidding #챌린지,2023-09-25,2023,9
곰발바닥섬,,c5YUTVnpCHA,이세계아이돌 - RE:WIND 챌린지 #이세계아이돌 #이세돌 #shorts,2023-09-25,2023,9
Agustin☆Kim,,B0N8wqN0jeU,#dance #dancecover #danceperformance #kpop #isegyeidol #이세계아이돌 #kidding #키딩챌린지 #kpopchoreography,2023-09-25,2023,9
내가 바로 쮸아공주👑,,sPM3U5s_yXc,이세계 아이돌- Keeping 교차편집/ #이세돌 #키딩 #키딩챌린지 #릴파 #징버거 #주르르 #이세계아이돌 #알고리즘 #쮸아,2023-09-25,2023,9
pajamas_dancer,,a-CUQHIGAq0,이세계아이돌-KIDDING(2023/9/25)#댄스#댄서#춤#댄서석류#파자마댄서#pajamas_dancer#챌린지#이세계아이돌#KIDDING#이세돌#웹툰#신인개발팀#아이돌지망생,2023-09-25,2023,9
서피카 PICA,,IoDQSMyElbE,#버튜버 가 말아주는 이세계아이돌 #KIDDING 챌린지 #vtuber #이세돌 #키딩 #풀트래킹,2023-09-25,2023,9
쇼넨망가,,1x0UGbNsKME,이세계아이돌 굿즈 리뷰!! - 이세계 페스티벌,2023-09-25,2023,9
닛몰캐쉬,,Ex07ZiqAvkc,이세계 페스티벌 30초 요약,2023-09-24,2023,9
헨지HENZY,,zR0QCbqAw94,이세계 아이돌 챌린지 #shorts,2023-09-24,2023,9
Pudding&SehaStory🐹🐧,,hlM9k0eK9Vg,저 머리카락 잘랐는데 어때요? #키딩챌린지 #이세계아이돌 #챌린지 #키딩 #Kidding #댄스 #커버 #dance #유행 #shorts,2023-09-24,2023,9
곰발바닥섬,,jJ3ReAMPMP4,이세계아이돌 - Kidding ucc~!! 이세돌화이팅 #키딩 #키딩챌린지 #이세계아이돌 #이세돌,2023-09-23,2023,9
고세구 GOSEGU,,B0gC7dfBesY,시청자분들과 함께한 ㅋㅋㅋㅋㅋ,2023-09-23,2023,9
쭈♡,,0jvpgLW2aVs,#이세계아이돌 #키딩챌린지 #키딩#이세돌 #우왁굳#10살,2023-09-23,2023,9
댄싱뿌요,,H7ldyw-uVok,기분상태20프로#100 #키딩챌린지 #kidding #이세계아이돌 #유행댄스,2023-09-23,2023,9
끙재2,,5RldTNCaEnU,아이돌 하면 나지! #kidding #이세계아이돌 #댄스 #챌린지 #dance #shorts,2023-09-23,2023,9
{💕알띠나Ringqueen💕},,bzBIa4ii69U,키딩 추기! #13년생 #키딩챌린지 #이세계아이돌 #이세돌,2023-09-23,2023,9
나들 | 달팽이 집사,,vXiBW3nvfs8,달팽이 집사 - 이세계 아이돌 KIDDING 챌린지 그림 #키딩 #키딩챌린지 #그림유튜버 #이세돌,2023-09-22,2023,9
나봉조봉💗,,qRiE8RjHmJ0,키딩~키딩~#이세계아이돌 #키딩챌린지 #shorts,2023-09-22,2023,9
하리 Hari,,oeojc1yru3o,이세계아이돌이되겠어#이세돌 #키딩챌린지 #dancechallenge #kidding #이세계아이돌,2023-09-22,2023,9
루란 RU:LAN,,MBma3avsLFU,💙이세계 아이돌 - Kidding 노래챌린지 💜,2023-09-22,2023,9
소희tv,,Y0JiwGg1WRM,지연이와 소이의 이세계 아이돌 챌린지.,2023-09-21,2023,9
비르 VIR,,b_C5a8-GyFo,음지 아이돌 🌑 #지하세계아이돌 #이세계아이돌 #키딩 #kidding,2023-09-21,2023,9
은송 love♥,,P6nc_KiN-YA,이세계 아이돌 kidding#kiddingchallenge#kidding  #challenge#shorts#04년생 #dance#20살#이세계아이돌 #추천#구두,2023-09-21,2023,9
이돌봄,,Q8ToAAUr6qE,이세계 아이돌 챌린지! #Kidding(키딩챌린지) #이세돌 #Shorts,2023-09-20,2023,9
Aloha채릉,,pFVUGfSr2nM,[Mirror Mode] 이세계아이돌 “KIDDING” 느리게 배우기 #shorts #KIDDING #키딩 #키딩챌린지 #이세계아이돌 #이세돌,2023-09-20,2023,9
은송 love♥,,-cpgpLLwoVM,이세계 아이돌 kidding#kiddingchallenge#kidding #challenge#shorts#04년생#dance#20살#이세계아이돌#추천,2023-09-20,2023,9
키고 KEEGO OFFICIAL,,8EPHgDwMIRY,🔥왁타벅스🔥 이세계아이돌 &quot;키딩&quot; 챌린지 참여해보세요 DJING😊🎶#shorts #이세계아이돌 #왁타버스,2023-09-20,2023,9
이세돌 안무가 지망생,,rbFSi0zevcU,수인둘기의 키딩 #이세돌 #이세계아이돌 #키딩 #키딩챌린지 #우왁굳 #이파리 #아이네,2023-09-20,2023,9
Aloha채릉,,1lylzq8nkAA,#Shorts 눈 떠보니 내가 이 세계 아이돌?!💫🗿 #KIDDING #키딩 #키딩챌린지 #이세계아이돌 #이세돌,2023-09-20,2023,9
유후의 악카이브,,aZF0EXBWUG4,이세계아이돌 KIDDING 댄스 챌린지 거울모드 💛 #shorts,2023-09-20,2023,9
코모코7979,,PVU3py52mtM,성장형 KIDDING 챌린지 #키딩챌린지  #키딩 #kidding #이세계아이돌  #이세돌,2023-09-20,2023,9
Round동글,,8xiwzZNnn7M,KIDDING 이세계 아이돌 노래 #키딩챌린지 #kidding #dance #dancechallenge #youshorts,2023-09-20,2023,9
희멜팅꾸 MELTIN[G],,6KyZMyBhPeA,방구석 아이돌 ✌🏻|| #이세계아이돌 #이세계아이돌챌린지 #kidding #키딩챌린지 #키딩 #쇼츠 #이세돌 #kiddingchallenge #fypシ #fyp #shorts,2023-09-20,2023,9
Dahlia,,RjWwiSkAK-g,키딩 챌린지 💗 #키딩 #키딩챌린지 #이세계아이돌,2023-09-19,2023,9
보이는 음악 라디오 - VMR,,zLlItlzP5oo,#이세계아이돌 #키딩챌린지 키딩 재즈 버전 키딩?!,2023-09-19,2023,9
나봉이의 하루,,3EXQlWGHvTA,#이세계아이돌 #챌린지,2023-09-19,2023,9
은송 love♥,,b4h_hy-Evls,이세계 아이돌 kidding#kiddingchallenge#kidding#스타킹 #검스#검정스타킹#구두 #challenge#shorts#04년생#dance#20살#이세계아이돌#추천,2023-09-19,2023,9
복덩이,,z1P8xWisOC8,방에서 몰래 #키딩챌린지 #키딩 #이세계아이돌 #KIDDING #shorts #Shorts,2023-09-18,2023,9
엔젤카페,,LdAt03EbyNs,키딩 💝 댄스 챌린지 #kidding #dancechallenge  #키딩챌린지 #이세계아이돌 #이세돌 #shorts,2023-09-18,2023,9
은송 love♥,,5-EbgtE--gI,이세계 아이돌 kidding#kiddingchallenge#kidding #코스프레 #교복 #challenge#shorts#04년생 #dance#20살#이세계아이돌 #추천 #구두,2023-09-18,2023,9
이소담🐸,,3Yc6es3NFbo,이세계아이돌#화질 넘좋구.. #챌린지 #독학,2023-09-17,2023,9
왁타버스 WAKTAVERSE,,u9nckegq5iI,이세계아이돌 KIDDING(키딩) 챌린지 교차편집 #Shorts,2023-09-17,2023,9
살구공グゴン,,xbnrSAB4wWo,이세계아이돌 키딩 ISEGYE IDOL Kidding 춤춰보았다｜#키딩챌린지  #kiddingchallenge #shorts,2023-09-17,2023,9
라별의 가방 Rabyul's Bag,,6iAiQtS9-5U,[솔라]솔라 이세계아이돌 kidding 챌린지 #마마무 #mamamoo #mamamooplus #솔라 #solar #이세계아이돌 #이세돌 #shorts,2023-09-17,2023,9
GAMJA,,I4PaURv7R4A,휘뚜루마뚜루 키딩챌린지 #키딩챌린지 #kidding #이세계아이돌,2023-09-17,2023,9
아두 Ahdoo [아름다운 두둠칫],,2tmLvJ8ocCo,아두의 키딩 챌린지  |  이세계아이돌 (ISEGYE IDOL) - KIDDING (키딩) #shortsvideo #kidding #이세계아이돌 #키딩챌린지,2023-09-17,2023,9
헤헤:D_hehecos,,IOMhv-wvxII,#kidding #키딩챌린지 #고세구  #이세계아이돌 #코스프레 이번 부만축 토요일 이세계아이돌 세구님으로 다녀왔습니다 화질이 많이 떨어지지만 이쁘게 봐주세요..ㅠ♡,2023-09-16,2023,9
참다래,,JUAYKOyxk-8,이세계아이돌 KIDDING 댄스챌린지 #kidding Challenge #ISEGYEIDOL,2023-09-16,2023,9
물,,dea2Xl7Orho,이세계아이돌 - kidding 키딩 커버 댄스 #이세계아이돌 #kidding #키딩챌린지,2023-09-16,2023,9
Round동글,,wint5659rAk,KIDDING 이세계 아이돌 노래 (넌 대체 누구야~) #키딩챌린지 #kidding #dance #dancechallenge #youshorts,2023-09-16,2023,9
CHAZE(체이즈),,aIlHClf8PSY,최애의아이로 키딩챌린지 #KIDDING #키딩챌린지 #이세계아이돌 #shorts,2023-09-16,2023,9
마사911,,1YfVK5R9Kcc,내 몸이 말을 안들어 #kidding #이세계아이돌 #kpop #challenge #이세돌 #춤연습,2023-09-16,2023,9
Pudding&SehaStory🐹🐧,,nqqSXFzDK2o,#Kidding #이세돌 #이세계아이돌 #챌린지 #shorts,2023-09-15,2023,9
SAYSEI세이,,3s6IZpBsRsE,현직 댄스선생님의 킹아 ~ #kidding #이세계아이돌 #키딩챌린지 #shorts,2023-09-15,2023,9
사공사,,X7c80tOMbgM,[칰타툰] 이세돌에 사로잡힌 수녀 #kidding #키딩챌린지,2023-09-15,2023,9
안다 ANDA,,3IS843uaiNA,"너 이세돌 알아..? 사실 내가 이세계아이돌 릴파야ㅎ (Just kidding,,🤭) #kiddingchallenge",2023-09-15,2023,9
다융이네,,dWenBjKr-2w,#다융이네#이세계아이돌#키딩챌린지,2023-09-15,2023,9
케지민 kejimin,,PInLnB2laYc,이세계 아이돌 KIDDING 챌린지 Let’s go✨ #kejimin #케지민,2023-09-15,2023,9
은송 love♥,,d8PWDqXaknM,이세계 아이돌 은송이춤 교차편집 kidding#kiddingchallenge#kidding#교차편집  #challenge#shorts#04년생#dance#20살#이세계아이돌#추천,2023-09-15,2023,9
은송 love♥,,QlRsVr4iSb0,이세계아이돌kidding#kiddingchallenge#kidding#스타킹 #검스#코스프레#구두 #challenge#shorts#04년생#dance#20살#이세계아이돌#추천#교복,2023-09-15,2023,9
잼민이 디그다,,kX2enCRgdcs,냥세계 아이돌: Kidding                               (원곡: 이세계 아이돌 - Kidding) #이세계아이돌 #kidding,2023-09-14,2023,9
짐니,,RePndb0TH1M,💗여고생의 키딩 챌린지✌️ #고3 #키딩챌린지 #이세계아이돌 ​#키딩 #kidiing @waktaverse @lilpa,2023-09-14,2023,9
은송 love♥,,ozjpKZ6NsSc,이세계 아이돌 kidding#kiddingchallenge#kidding#교복 #검스#검정스타킹#구두 #challenge#shorts#04년생#dance#20살#이세계아이돌#추천,2023-09-14,2023,9
비르 VIR,,ZNdc8OHOY8c,반갑습니다 지하세계 아이돌 비르입니다.😎 #이세계아이돌 #키딩챌린지 #지하세계아이돌 #shorts,2023-09-14,2023,9
마사911,,jrMCWLlnc9c,몸치가 몇 주간 연습한 키딩챌린지#kidding #이세계아이돌 #challenge #kiddingchallenge #이세돌,2023-09-14,2023,9
요란도린,,K7DmAFKwMXo,💘이세돌 키딩 챌린지💓 #이세계아이돌  #이세돌 #키딩챌린지 #kidding #뚝딱이,2023-09-13,2023,9
옆집 영훈이,,6mipXVb5Eks,키딩챌린지 육회버전 #키딩챌린지 #육회 #이세계아이돌,2023-09-13,2023,9
4대장,,Sw2ik2zrY4A,이세계아이돌 KIDDING 챌린지 | 최고 조회수 4분할 | 뭐가나아? #shorts,2023-09-13,2023,9
MiruY,,aP3zkRAiNHk,이세계아이돌 키딩 #키딩챌린지 #우왁굳 #kidding #challenge #shorts,2023-09-13,2023,9
혜찌Hyezzi,,vkiUDFMQpqs,당신들 댓글땜에 웃겨서 만든 영상 #키딩챌린지,2023-09-13,2023,9
도도스,,UUbPAHm-sQg,아이돌이 따로없네... 도도스 이세계아이돌 챌린지  #댄스리액션 #이세계아이돌 #댄스챌린지,2023-09-13,2023,9
은송 love♥,,yZuVMQgLubg,이세계 아이돌 kidding#kiddingchallenge#kidding#스타킹 #검스#검정스타킹#구두 #challenge#shorts#04년생#dance#20살#이세계아이돌#추천,2023-09-13,2023,9
아이라ira,,63aday8mmzI,이세계아이돌 😖 #버츄얼아이돌 #키딩 #키딩챌린지 #kidding #이세계아이돌,2023-09-12,2023,9
카나로드유튜브,,L0ff5slPtYw,🐱KIDDING 고양이 챌린지 #shorts #kidding #이세계아이돌,2023-09-12,2023,9
나또더히,,Pq9vVvfmBZU,이세계아이돌-KIDDING #coverdance #ISEGYEIDOL #이세계아이돌 #kidding #kidding_challenge,2023-09-12,2023,9
두칠이의게임방송,,fPnx2uUX3aE,두칠 KIDDING 고양이 챌린지ver. (kidding cat challenge) #kiddingchallenge #kidding #이세계아이돌,2023-09-12,2023,9
쇠밍구,,VdjO1zY8uDY,뒤늦게 중독됨.. #키딩챌린지 이세계아이돌 ISEGYE IDOL ‘KIDDING’ 키딩 dance cover #shorts,2023-09-12,2023,9
"Jake ""O"" Lantern",,DF66C7obaRs,"이세계아이돌 (ISEGYE IDOL) - KIDDING (키딩) _ 오르골 연주하기 mv, 가사,  #오르골, #이세돌, #kidding,",2023-09-12,2023,9
김어흥,,NwXT9ZPMimQ,어흥이의 이세계 아이돌 키딩 KIDDING 챌린지~ #kidding #이세계아이돌 #키딩챌린지 #키딩,2023-09-12,2023,9
김동백,,MGfXxdj4WdY,KIDDING 불러보았다 #이세계아이돌#키딩#키딩챌린지#kiddingchallenge,2023-09-12,2023,9
박재원입니다,,T1XSj-w7W4k,조금 이상한 키딩 챌린지 #이세계아이돌 #키딩챌린지,2023-09-12,2023,9
Sua's Fun Adventures,,w-K6DqKCtCw,이세계아이돌 KIDDING #키딩챌린지 #KIDDING #이세계아이돌 키딩 #이세돌,2023-09-12,2023,9
은송 love♥,,bpdIMpmlyUI,이세계 아이돌 kidding#kiddingchallenge#kidding #코스프레 #교복 #challenge#shorts#04년생 #dance#20살#이세계아이돌 #추천,2023-09-12,2023,9
은송 love♥,,KQ1sMg5A52s,이세계 아이돌 kidding#kiddingchallenge#kidding#코스프레#교복#challenge#shorts#04년생#dance#20살#이세계아이돌 #추천 #유행,2023-09-12,2023,9
星川るう,,c6o4FlEWE3w,이세돌 KIDDING 챌린지!! #KIDDING #키딩챌린지 #이세계아이돌 #이세돌 #VRChat,2023-09-11,2023,9
코아쿠마 こあくま,,Y7tJQm_WmcE,[DANCE] #kidding 연습  #dancechallenge #이세계아이돌 #키딩챌린지,2023-09-11,2023,9
보라보랏TV,,eYXmqlCejsQ,진짜로 췄어용ㅋㅋ #여름이들려 #챌린지 #이세계아이돌 ?,2023-09-11,2023,9
류호찬의 탐구생활,,yD8xgVvbCuM,WWE X 이세계아이돌 Kidding Challenge (이세돌 키딩 뮤직비디오) (Extended Version),2023-09-11,2023,9
호주한량,,Ga3Kbe8qVKc,😺KIDDING 고양이 챌린지 (kidding cat challenge) #kidding #이세계아이돌 #이세돌 #키딩,2023-09-11,2023,9
레슬링 마니아 ,,1AfmABWeuJA,WWE X 이세계아이돌 Kidding Challenge 키딩 챌린지 (Extended Ver.),2023-09-11,2023,9
너희바라기 💙,,gnrsu0rf0GY,⚘️Kidding-이세계아이돌⚘️#키딩챌린지#댄스챌린지#Shorts #kidding_Challenge#MISORI_FAM,2023-09-11,2023,9
차커 Chaco,,9kCtMHbKf-c,계산기로 키딩 챌린지 - 이세계 아이돌,2023-09-11,2023,9
김빽빽,,BMvD0vz5CAU,kidding 챌린지 애니메이션 #kidding #kidding챌린지 #애니메이션 #챌린지 #댄스챌린지 #이세돌 #이세계아이돌  #challenge #shorts #short,2023-09-11,2023,9
꿀재미슈,,WwXGz3Wx8fE,이세계아이돌 X 플레이브 &#39;한국형 버츄얼 아이돌&#39; 신곡 #shorts,2023-09-11,2023,9
Pudding&SehaStory🐹🐧,,caib6k-R7PM,#kiding #챌린지 #이세돌 #이세계아이돌 #키딩 #shorts,2023-09-11,2023,9
괴도Dark,,gemdMjJ-VIY,KIDDING 키딩 챌린지 스틱파이터 #이세계아이돌,2023-09-11,2023,9
라떼가좋아,,v5lJcKr3zQs,이세계아이돌?#키딩챌린지,2023-09-11,2023,9
비쥬 Bijou,,8MFkwVcitQU,🐱kidding 고양이 챌린지 ver🐱 Kidding cat challenge #이세계아이돌 #kidding #shorts #버튜버 #이세돌 #키딩챌린지,2023-09-11,2023,9
심포SimPo,,d6S1cFwl52E,KIDDING 고양이 챌린지ver. (kidding cat challenge) #kiddingchallenge #kidding #이세계아이돌,2023-09-10,2023,9
모공레몬,,sVsVde_xxeU,모공레몬이 말아주는 키딩 #kidding #이세계아이돌 #키딩챌린지,2023-09-10,2023,9
스프링벚꽃,,EbchPzQKG1k,키딩 챌린지#shorts#sfm#fnaf#KIDDING #키딩 #키딩챌린지 #이세계아이돌 #이세돌,2023-09-10,2023,9
류호찬의 탐구생활,,a0OVqxLYsOo,WWE X 이세계아이돌 Kidding Challenge 키딩 챌린지 (이세돌 키딩 뮤직비디오 MV),2023-09-10,2023,9
레슬링 마니아 ,,gyZ2IPTEP2Y,WWE X 이세계아이돌 Kidding Challenge 키딩 챌린지,2023-09-10,2023,9
별비☆B,,g0_dBD0oEQQ,ISEGYE IDOL - KIDDING #이세계아이돌 #kiddingchallenge  #키딩챌린지 #춤춰보았다 #shorts,2023-09-10,2023,9
채은쪄,,vhlpZo7sqVg,키딩챌린지 유행탑승 ~~ #키딩챌린지 #이세돌 #이세계아이돌,2023-09-09,2023,9
은붕어,,X9JA7xCLfUo,KIDDING  #키딩챌린지 #이세돌 #kidding #키딩 #이세계아이돌,2023-09-09,2023,9
sailor39,,AdP02IacOdc,일본인이 춤춘 이세계아이돌  KIDDING (키딩) #키딩챌린지 #이세계아이돌 #이세돌 #kidding #shorts,2023-09-09,2023,9
Round동글,,1B46dRhWd-4,이세계 아이돌 노래 🎶 다른 댄스 #키딩챌린지 #KIDDING #dancecover #shorts,2023-09-09,2023,9
고산입니다,,2qa0oy2eOnM,이세계의 아버지 #이세계아이돌 #kidding #키딩챌린지,2023-09-09,2023,9
세인 セイン,,99DGByrwqZQ,꾸물이의 키딩 챌린지 #kidding #애니메이션 #이세계아이돌,2023-09-09,2023,9
유땡TV,,HpNOmEkA9r4,이세계아이돌 Kidding 챌린지 ㅋㅋㅋㅋㅋ#shorts,2023-09-09,2023,9
바닐라 Vanilla,,PtZIzcsiIAc,kidding 챌린지 #이세돌 #이세계아이돌 #robloxyt #shorts  #추천 #추천추천추천추천추천추천추천추천추천추천,2023-09-09,2023,9
캣그리,,Ysgcmcl8TdM,kidding #kidding #키딩챌린지 #이세돌 #이세계아이돌,2023-09-09,2023,9
ShE's [쉬즈],,YAqRBE28vkQ,[신곡가져왔어요💕] 이세계아이돌(ISEGYE IDOL) - KIDDING(키딩) Duet.ver l Cover by ShE&#39;s,2023-09-09,2023,9
인게이지 Ingauge,,bX54McTNLoM,마인크래프트 이세계아이돌 - KIDDING (키딩) 챌린지 #shorts,2023-09-09,2023,9
인게이지 Ingauge,,95wmmhErJJg,마인크래프트 이세계아이돌 - KIDDING (키딩) 챌린지,2023-09-09,2023,9
이에즈님 일상,,lVX385PrACE,#kidding #kiddingchallenge #키딩챌린지 #이세계아이돌 #cover_dance,2023-09-09,2023,9
경호쌤,,nqAf9pAEnfw,ISEGYE IDOL(이세계아이돌) - KIDDING Challenge 기타 커버 #shorts #challenge  #기타커버 #커버영상 #챌린지  #guitarcover #쇼츠,2023-09-09,2023,9
써영티비,,owS2X4-V01I,#14년생 #써영티비 #댄스 #키딩챌린지 #키딩 #이세계아이돌 #이세돌,2023-09-09,2023,9
KP,,wTUbT-ZLgJY,KIDDING 챌린지 이세계아이돌 #kidding #valorant #zzul #키딩챌린지,2023-09-08,2023,9
야옹,,U7XoA9X4OIo,나! 한다! 열심히! #이세계아이돌 #이세돌 #키딩 #춤춰보았다 #키딩챌린지,2023-09-08,2023,9
다해예지,,bJkVriof-qk,#이세돌 #이세계아이돌 #kidding #challenge #챌린지,2023-09-08,2023,9
천가지 GAJI,,Snn5FXRwzqM,그지꼴로 나혼자 늦은 키딩 챌린지 #이세계아이돌 #이세돌 #키딩 #키딩챌린지,2023-09-08,2023,9
이에즈님 일상,,wlLrFPGSHL0,#cover_dance #키딩챌린지 #KIDDING #이세계아이돌,2023-09-08,2023,9
시야 シヤ,,HWLhtdy4CdU,이세계아이돌 - Kidding (키딩) #키딩챌린지 #shorts,2023-09-08,2023,9
혜찌Hyezzi,,rVmtQi3c4y0,완소 퍼펙트 반장은 사실.. 이세계 아이돌?!💖 #키딩챌린지,2023-09-08,2023,9
인싸력 측정기,,f_t0ZMnKqco,이세계 아이돌 kidding 챌린지 인기조회수 4분할 | 당신의 선택은? #댄스챌린지,2023-09-08,2023,9
고세구의 좀 더,,p_k5iC9x7R8,닛몰캐쉬님과 콜라보 챌린지?!,2023-09-07,2023,9
sanrio 시나시나~~,,xlOCnvfhocY,#이세계아이돌 #kidding#키딩챌린지 동생과 함께,2023-09-07,2023,9
사시스,,bka7qGRjL0U,허기워기랑 키딩 챌린지 #kidding #이세계아이돌 #키딩챌린지,2023-09-07,2023,9
긍지높은아이돌,,I4bv-BBNlzw,이세계아이돌 키딩 챌린지#KIDDING #키딩챌린지 #키딩 #이세계아이돌 #이세돌 #Shorts,2023-09-07,2023,9
희연 Hee Yeon,,zIIeCDZsUgU,이세계 아이돌 - 키딩챌린지✌🏻 #kidding #이세계아이돌 #이세돌 #키딩챌린지,2023-09-07,2023,9
김마렌,,f6gRpqVj0wM,😻요즘 완전 핫한 그 챌린지! KIDDING 고양이 챌린지! #kiddingchallenge #kidding #이세계아이돌,2023-09-07,2023,9
설에니,,EabMdssGGd4,이세계아이돌 KIDDING 키딩 챌린지,2023-09-06,2023,9
설에니,,ugsWU5EJwsQ,이세계아이돌 KIDDING 키딩 챌린지,2023-09-06,2023,9
제리Jerry,,XtBk9WSiiSM,이세계아이돌  - KIDDING (키딩) #키딩챌린지 #KIDDING #이세계아이돌 #shorts,2023-09-06,2023,9
베베리 BEBERRY,,xsqJWhm2D3s,KIDDING 챌린지💜 #KIDDING #키딩챌린지 #이세계아이돌 #shorts,2023-09-06,2023,9
모아,,aasY-b7VaxE,🎀이세계아이돌(ISEGYE IDOL) KIDDING(키딩) 고양이 챌린지 #키딩챌린지  #kidding #버튜버,2023-09-05,2023,9
혜찌Hyezzi,,cRvGaN-0SQo,아부지 ‘이세계 아이돌’ 입문 시켜드리기 #키딩챌린지,2023-09-05,2023,9
황덕황,,AZnpc_LlhNg,"노래 미쳤잖아,,,☁️ #이세돌 #이세계아이돌 #dance #kidding #키딩챌린지",2023-09-05,2023,9
네루짱NERU,,FENHn1MyMk8,KIDDING 댄스 챌린지🤍 #이세계아이돌 #키딩챌린지,2023-09-05,2023,9
이비,,vXnQF935uCY,뒤늦게 탑승하는 키딩 챌린지 #kidding #키딩챌린지 #이세계아이돌 #shorts,2023-09-05,2023,9
틱토커 망야,,YWYxQ8uRyq8,키딩챌린지 (이세계아이돌) #shorts,2023-09-05,2023,9
마녀,,HWo3TBjQ384,이세계아이돌 (ISEGYE IDOL) - KIDDING 챌린지 #이세계아이돌 #kidding #vrchat,2023-09-04,2023,9
리지네빌리지 (Riji),,K03Xc9UPerY,이세계아이돌-Kidding #키딩챌린지 #이세계아이돌 #kidding #shorts,2023-09-04,2023,9
몸치탈출연구소 (Fast dance),,hFF_tuhBJCQ,이세계아이돌 &#39;KIDDING&#39; 안무 완전 쉽게 배울 사람?🙋🏼‍♀️ 거울모드 KIDDING Dance Mirrored #KIDDING #dance #shorts,2023-09-04,2023,9
몸치탈출연구소 (Fast dance),,PgzvG-90wJk,이세계아이돌 (ISEGYE IDOL) &#39;KIDDING (키딩)&#39; 안무 완전 쉽게 배우기 거울모드 Dance Tutorial Mirror Mode (Eng),2023-09-04,2023,9
TEAM LUNATICS,,hamLYhVdoQ4,촬영스텝들도 함께 신나는 키딩챌린지  #kidding  #이세계아이돌,2023-09-04,2023,9
나는조이서 Joyseo,,zoAT6svq_Ww,이세계아이돌 KIDDING 댄스 챌린지 탑승🤍✨ #shorts,2023-09-04,2023,9
로조랑코코랑,,2DBtnNZj7O0,이세계아이돌 - KIDDING 키딩 챌린지 #shorts #이세계아이돌 #kidding #고양이 #cat #猫 #키딩챌린지  #KIDDING챌린지 #이세돌 #키딩  #버츄얼아이돌,2023-09-04,2023,9
서빵떡,,S4jenj0oRiM,너는 대체 누구야~! #kidding #이세계아이돌 #키딩챌린지 #shorts,2023-09-04,2023,9
루아일루왕 DJ Lua,,4El52QqA5Lo,디제이가 추는 이세계아이돌 KIDDING 챌린지💕 #키딩챌린지 #키딩 #kidding #이세돌 #이세계아이돌 #challenge #챌린지 #dj #shorts,2023-09-04,2023,9
노이담 - 노래에 이야기를 담다,,8NPOamXvK7Y,빌보드에 올라버린 버츄얼 아이돌 신곡 ㄷㄷㄷ #노래해석 #이세계아이돌 #키딩 #이세돌 #kidding #키딩챌린지,2023-09-03,2023,9
왁타버스 WAKTAVERSE,,a7Vsg5z2JJw,발렌타인&amp;불곰 KIDDING 챌린지 ~! #Shorts,2023-09-03,2023,9
차현,,hxkmRjLUTEQ,이세계아이돌 키딩 챌린지! #키딩챌린지 #KIDDING,2023-09-03,2023,9
윤경서GuiTar,,9mWk8nYOu6E,이세계아이돌 - KIDDING (키딩) 락버전으로 기타솔로치기🔥 #키딩챌린지  #이세계아이돌 #이세돌,2023-09-03,2023,9
냐냐 Nyanya,,e_VZScrYOfM,KIDDING 키딩 챌린지 #shorts  #KIDDING #키딩챌린지 #이세계아이돌 #키딩 #이세돌,2023-09-03,2023,9
EIRENE,,NQYe3SryRG4,KIDDING!! 키딩!♡ #vrchat #vrc #eirene #challenge #이세계아이돌 #이세돌 #kidding,2023-09-03,2023,9
살구공グゴン,,rtN3j530c0Y,이세계아이돌 ISEGYE IDOL 키딩 Kidding 챌린지 거울모드｜#키딩챌린지 #kiddingchallenge 춤춰보았다  #shorts,2023-09-02,2023,9
웅이저장소,,67ztZRLnPKE,설렘은 잠깐이니까🧸 #이세계아이돌 #kidding #이세돌 #키딩챌린지,2023-09-02,2023,9
혜린,,Si9bTJzHg1s,총장 평균 172의 키딩챌린지#KIDDING #키딩 #키딩챌린지 #이세계아이돌 #이세돌,2023-09-02,2023,9
9호,,ZXZEzLgg6gw,🎀KIDDING🎀 #shorts #KIDDING #키딩챌린지 #이세계아이돌 #이세돌,2023-09-02,2023,9
동도니TV DongDo2TV,,5sqnY8T190U,남자중에선 내가 제일 예쁘게 커버 한듯?#키딩챌린지#이세계아이돌#이세돌,2023-09-02,2023,9
고여름 GOSUMMER,,_TUDduKlFBE,이세계아이돌 키딩 챌린지 💙 #kiddingchallenge #키딩챌린지,2023-09-02,2023,9
조환서 [ChoHwanSeo],,vNCEBYm_B0g,옳지 내게 와봐 위험하지 않아 #kidding #키딩챌린지 #이세계아이돌 #challenge #shorts #왁타버스 #킹애 #킹아 #우왁굳,2023-09-02,2023,9
지옥밴드 LYZD Hell Band,,5kgf43AOjYQ,직접 송도를 촬영한 이세계아이돌 - kidding 커버 #키딩챌린지 #키딩 #이세돌,2023-09-02,2023,9
Bboy Swallow,,0KUkoT8d48o,Bboy의 &#39;이세계아이돌 KIDDING 챌린지&#39;🔥,2023-09-02,2023,9
소희 SOHEE,,S3CbqzirwxU,[161cm 67kg] 이세계 아이돌 키딩 챌린지🖤 너는 대체 누구야~~👉🏻 #이세계아이돌 #키딩 #kidding #통통녀 #다이어트쇼츠 #댄스챌린지 #shorts #킹아,2023-09-02,2023,9
갱갱이,,nRfNn7qMI-w,로블록스 이세계 아이돌 키딩 챌린지 kidding challenge #오영택이이뻐죽겟어,2023-09-02,2023,9
히덩이,,aJY1dDGu5Bk,#kidding #이세계아이돌 #키딩 #이세돌 #키딩챌린지,2023-09-01,2023,9
예롬 yerom,,dRo_p4QHsQs,비스크돌 마린의 키딩 챌린지🩵 #kidding #키딩챌린지 #이세계아이돌 #키딩 #이세돌 #cosplay,2023-09-01,2023,9
히메 HM 姫,,2VkAYv4hozQ,이세계아이돌 - 키딩 #07년생 #dance #dancechallenge #dancecover #dancer #키딩챌린지 #이세돌 #이세돌키딩 #키딩,2023-08-31,2023,8
아딘Adin,,Fg9OQRMnozY,KIDDING-이세계아이돌 2 #shorts #고딩 #07년생 #댄스챌린지 #dance #kpop #키딩챌린지,2023-08-31,2023,8
이척추,,JXs0qlRyg1c,🤍 #KIDDING #키딩 #키딩챌린지 #이세계아이돌 #이세돌,2023-08-31,2023,8
고세구의 좀 더,,vs2E1XITS0w,지하돌 KIDDING 챌린지🎵 - 고세구 반응,2023-08-31,2023,8
응냥이 Euny,,YeiA6bA1bNg,이세돌 SBN 💗응냥이 #KIDDING 받아주세요🎀 #키딩챌린지 #이세계아이돌,2023-08-31,2023,8
징버거가 ZZANG센 주제에 너무 신중하다,,sy15G7LZyes,이세계아이돌의 KIDDING(키딩) 챌린지! (with. 뢴줌마),2023-08-31,2023,8
윱니,,4Ao7108XMd8,망했지만 뿌듯한 키딩 챌린지 #KIDDING #키딩 #키딩챌린지 #이세계아이돌 #이세돌,2023-08-30,2023,8
융덕 Yungduck,,vdMNvvOh0x4,남동생이 빠진 이세계아이돌의 KIDDING 챌린지 추기 #키딩 #이세돌,2023-08-30,2023,8
주땡쓰 JuThanks,,iQLs9eZEDJY,너는 대체 누구야 #kidding #이세계아이돌 #키딩챌린지,2023-08-30,2023,8
스트리머AI 연구소,,oV0kaQwRcvQ,【 AI탬탬버린 | ver.2 버린 】 키딩챌린지 - 탬세계아이돌 | AI Cover,2023-08-30,2023,8
찌유튜브,,PDY4YuL1lYI,이세계아이돌- 키딩 챌린지 #shorts #kidding #dancechallenge #이세돌,2023-08-29,2023,8
유나,,X56FKCIuvlE,KIDDING 챌린지 #KIDDING #키딩 #키딩챌린지 #이세계아이돌 #이세돌,2023-08-29,2023,8
마사911,,AGb32fiNtow,"키딩챌린지 왁굳형, 세구님 반응 #kidding #kpop #이세계아이돌 #고세구 #우왁굳",2023-08-29,2023,8
릴파 lilpa,,TQbT9Gp_eQE,요즘 핫한🔥 KIDDING 안무 쉽게 배우기 #shorts,2023-08-29,2023,8
Hino,,Bo81IvK3Yc4,이세계아이돌 (ISEGYE IDOL) - KIDDING / Guitar cover  #키딩챌린지 #KIDDING #이세계아이돌 #guitarcover #기타커버,2023-08-29,2023,8
야옹,,qw7HrnWZxMo,나도 한다! 키딩! 🌱 이세계 아이돌(ISEGYE IDOL) - KIDDING #키딩 #키딩챌린지 #이세계아이돌 #이세돌,2023-08-29,2023,8
고세구 GOSEGU,,fazEo9bRONs,인류 99%가 따라못춘다는 #키딩챌린지 #kidding,2023-08-28,2023,8
몽나,,YlI90P7XSwA,풀트 마려운 이세계아이돌 KIDDING 챌린지 #KIDDING #키딩챌린지 #이세계아이돌,2023-08-28,2023,8
유죠² YJYJ,,COIZ43xNElU,KIDDING💙 #키딩챌린지 #이세계아이돌 #KIDDING,2023-08-28,2023,8
우왁굳의 돚거,,o2BUcY7yKbM,닌닌의 키딩 챌린지,2023-08-28,2023,8
주르르 JURURU,,j9HUSMCEKfk,인싸들이 하는 KIDDING 챌린지 #KIDDING #키딩챌린지 #이세계아이돌,2023-08-27,2023,8
도아됴아,,-azcavLHvJs,🌱🌟 KIDDING - 이세계아이돌(ISEGYE IDOL) #KIDDING #키딩 #키딩챌린지 #이세계아이돌 #이세돌,2023-08-27,2023,8
꾸발넘,,JuZjfTdixx8,이세계아이돌 KIDDING 챌린지를 하는 요원들 #KIDDING #키딩챌린지 #이세계아이돌 ｜발로란트,2023-08-27,2023,8
언사히,,OCO1HdSCWnA,🐱 KIDDING 고양이 챌린지 - 언사히ver (kidding cat challenge) #이세계아이돌 #ISEGYEIDOL,2023-08-26,2023,8
김유히,,gAy-KRFKc8Q,몸치 여고생 이파리의 키딩챌린지 #키딩챌린지 #키딩 #이세계아이돌 #KIDDING #shorts,2023-08-26,2023,8
냐피카,,4WJ3I1loGhM,냐피카 키딩 챌린지 💞 #kidding #이세계아이돌 #kiddingchallenge #shorts #쇼츠,2023-08-26,2023,8
시안,,1AaghblyKLQ,이세계 아이돌 Kidding 챌린지,2023-08-26,2023,8
시안,,LpPviLp_5cM,이세계 아이돌 Kidding 챌린지,2023-08-26,2023,8
이응,,F2GbBLFy9i4,✨거울모드✨ 여고생이 학교에서 추는 이세계 아이돌 - KIDDING 댄스 챌린지   #KIDDING #키딩 #키딩챌린지 #이세계아이돌 #이세돌 #거울모드,2023-08-26,2023,8
독고혜은_,,PjBFQte7s5Q,이세계아이돌 KIDDING 댄스 챌린지,2023-08-26,2023,8
투랩초이스 [2LAB Choi's],,Q-XSOSyEf-Q,이세계아이돌 - KIDDING | Challenge Dance,2023-08-26,2023,8
에네피 einefee,,HqSUuKDZ8Ck,데뷔 임박 버튜버의 #KIDDING 챌린지😻 #이세계아이돌 #3집6위가수,2023-08-26,2023,8
명준 M_y_u_n_g_J_u_n,,PM9FaXqqfEc,Kidding-키딩 이세계아이돌 키딩챌린지 춤은 못추지만 커버라도...😢🔥,2023-08-26,2023,8
모로 Moro,,USI3Fegz-5Q,너무 어렵다는 이세계 아이돌 키딩 챌린지! #키딩챌린지 #KIDDING,2023-08-26,2023,8
둉 Dyong,,jlZK2EDmckY,[COVER] 설렘은 잠깐이니까 💕  |  이세계아이돌 - Kidding  #키딩챌린지,2023-08-26,2023,8
해블린,,EMl3IjDB7IQ,#kidding #키딩 #이세돌 #키딩챌린지 #이세계아이돌 #shorts,2023-08-25,2023,8
Tomato7 ,,brmLmqn9ifk,VR 풀트래킹 이세돌-키딩챌린지 #Kidding #이세계아이돌  #shorts,2023-08-25,2023,8
은하리,,5qGhtRwZ4CM,KIDDING 고양이 챌린지 #kidding #이세계아이돌 #키딩챌린지,2023-08-25,2023,8
라니탸니탸니,,Xtyz2URGyC4,30대 팬치의 이세계 아이돌 #키딩챌린지 (라 쓰고 몸부림이라 읽는다),2023-08-25,2023,8
오카루 토카 TOKAㆍlistella,,WnLbJAHBAKw,KIDDING 고양이 챌린지ver (kidding cat challenge) #kiddingchallenge #kidding #이세계아이돌,2023-08-25,2023,8
빗시 BCI,,gnqtdblmSko,이세계 아이돌 - Kidding 챌린지 빗시ver #shorts,2023-08-25,2023,8
응냥이 Euny,,0P0YO8jIdqQ,이세계아이돌 KIDDING 챌린지🎵 앙이도 빠질 수 없다냥🐾 #KIDDING #키딩챌린지,2023-08-25,2023,8
조환서 [ChoHwanSeo],,wUuGn92djeQ,#이세계아이돌 #키딩  #ISEGYEIDOL #KIDDING #이세돌 #challenge #shorts #anime #왁타버스 #KPOPINPUBLIC #인기급상승,2023-08-25,2023,8
싱어송라이터 김왈디,,wuZK1fs-sq8,이세계아이돌 키딩 챌린지 (인디 ver.) #키딩챌린지 #kidding #이세계아이돌,2023-08-24,2023,8
우앵두,,b_5bV87Fkgs,💙 고세구의 지하아이돌 KIDDING 챌린지 💙 #shorts #KIDDING #이세계아이돌 #이세돌 #키딩,2023-08-24,2023,8
BNC_ diamond,,sMgoe-AXe58,이세계 아이돌 - 리와인드 in Minecraft [마인크래프트 고냥이타운 서버],2023-08-24,2023,8
BingSu,,frsVZJBQk5E,KIDDING 챌린지🐱🎵 #KIDDING #키딩 #키딩챌린지 #이세계아이돌,2023-08-24,2023,8
우사,,ngBpTHXOvR0,키딩 KIDDING 댄스 챌린지 #kidding #키딩챌린지 #이세계아이돌 #이세돌,2023-08-24,2023,8
동태,,Lepl9Cvj_mc,느그자🦁의 키딩 챌린지 #KIDDING #키딩 #키딩챌린지 #이세계아이돌 #이세돌 #형사랑해💚,2023-08-24,2023,8
츠키 つき,,kBTCmwkiF30,#이세계아이돌 #키딩 #KIDDING #키딩챌린지 ( ✌︎&#39;ω&#39;)✌︎,2023-08-24,2023,8
니즈,,GNOft0oUx4c,나도 했다! 키딩~키딩🥰 #키딩챌린지 #kiddingchallenge #kidding #이세계아이돌 #shorts,2023-08-24,2023,8
다롱 DARONG,,_DqzConqrVI,직접 춘 KIDDING 챌린지!! #kidding   #키딩 #키딩챌린지 #이세계아이돌 #kiddingchallenge,2023-08-24,2023,8
똑순이,,dDsa9Qu8q94,이세계아이돌 KIDDING Challenge 도전 ~~🥰🥰🥰🥰 #shorts #키딩챌린지 #키딩,2023-08-24,2023,8
왁타버스 WAKTAVERSE,,NmtiiCImtow,이세계아이돌 KIDDING 안무 연습 영상 #Shorts,2023-08-24,2023,8
고세구 GOSEGU,,jXTrO9dQags,직접 추는 kidding challenge! #키딩챌린지,2023-08-24,2023,8
캉난나,,TK4PeO-Ad7I,이세계아이돌 키딩 KIDDING 챌린지 [ ISEGYE IDOL ],2023-08-24,2023,8
사락,,QfhdLXXUihE,[animation] 애니수공업 KIDDING 챌린지  #KIDDING #키딩챌린지 #이세계아이돌 #이세돌,2023-08-24,2023,8
포론포,,2VcgiD_yAa4,왁타버스 감독의 키딩 챌린지 - #KIDDING #키딩 #키딩챌린지 #이세계아이돌 #이세돌,2023-08-23,2023,8
레보 VRC,,jV5-uPiJpbc,이세계 아이돌 키딩 챌린지..!! 💖,2023-08-23,2023,8
밴두,,JOx1wuGKHUg,VR챗 이세계아이돌 KIDDING 챌린지🌱🌱,2023-08-23,2023,8
혜린,,thtTGLW5gNo,이세계아이돌 키딩 챌린지 두개재❤️‍🔥#KIDDING #키딩 #키딩챌린지 #이세계아이돌 #이세돌,2023-08-23,2023,8
연주하는곰탱,,EvCmsREnx7Y,이세계아이돌 (ISEGYE IDOL) - KIDDING (키딩) 키딩챌린지 full버젼 #violin #이세계아이돌 #키딩챌린지,2023-08-23,2023,8
땡깡DanceKang,,WpV8Dg_bSdk,버츄얼 탑 아이돌 따라잡기🍔 #이세계아이돌 #KIDDING #독학,2023-08-23,2023,8
이세돌 안무가 지망생,,Lu4V7CfyuBE,킹아🌱 #이세계아이돌 #왁타버스 #키딩 #키딩챌린지 #우왁굳 #이세돌,2023-08-23,2023,8
TV고로께,,YqzkhxoyXVY,이세계아이돌 ISEGYE IDOL - 키딩 KIDDING 챌린지,2023-08-23,2023,8
김띠모,,tE8JohkrqC4,KIDDING 챌린지 치마입고 아이돌 버전?! 🐻 #KIDDING #키딩챌린지 #이세계아이돌,2023-08-23,2023,8
Hiki Queen 히키퀸,,AN7yFCkEMj0,이세돌 키딩 챌린지 Kidding challenge 4k,2023-08-23,2023,8
말랑콩떡,,9B9DUsXyDpU,💚이세계아이돌-KIDDING 키딩 챌린지! 💚 #shorts #KIDDING #키딩 #키딩챌린지 #이세계아이돌 #이세돌,2023-08-23,2023,8
흑마리,,Vd6q7Vps-rE,KIDDING 고양이 챌린지 #이세계아이돌 #kidding #kiddingchallenge,2023-08-23,2023,8
Vtuber_두부랑,,AKwz2MWX8z0,이세계아이돌 - KIDDING 챌린지 Official MV 춤 #vtuber #브이튜버#이세돌#키딩 #이세돌키딩,2023-08-23,2023,8
유하띠 Yuhatty,,UOmom83kLAY,이세계아이돌 KIDDING 챌린지!🤍💜 #kiddingchallenge #키딩챌린지 #shorts,2023-08-23,2023,8
Charming Jo 조매력,,rA1pmbKBHXA,이세계아이돌 키딩 챌린지 (Retro ver.)(With 박문치) #키딩챌린지 #kidding#이세계아이돌,2023-08-23,2023,8
고세구 GOSEGU,,QHJ2faC2IJo,오펜하이머 초전도체급 틱톡유행 챌린지 #kidding #키딩챌린지,2023-08-23,2023,8
조환서 [ChoHwanSeo],,3ahLF7dxQlw,이세계아이돌 _ 키딩 #ISEGYEIDOL #KIDDING #이세돌 #dance #challenge #shorts #anime #왁타버스 #KPOPINPUBLIC #인기급상승,2023-08-23,2023,8
델델 (delldell),,7jkbKPcDTrc,⛵항해 중에도 키딩은 못 참지!!! ⛵ #KIDDING #키딩챌린지 #이세계아이돌 #키딩,2023-08-23,2023,8
비챤의 나랑놀아,,PJgJKi_A1N8,친구야 그게 무슨소리니,2023-08-23,2023,8
_vege.__,,NI1hER77wrQ,이세계아이돌 3집 안무가들이 직접추는 KIDDING✌️💗  #kidding #키딩 #kiddingchallenge #이세계아이돌 #이세돌 #키딩챌린지 #vege #hyeily,2023-08-23,2023,8
헤일리 Hyeily,,YBoBedPfkS0,이세계아이돌(ISEGYE IDOL) - KIDDING (키딩) 안무가 버전 시안 영상 [ Original Choreographer&#39;s demo ],2023-08-23,2023,8
HelloOutdoors,,GK8rr2lcizk,이세계아이돌 &quot;키딩&quot; 안무연습 거울모드 Isegye Idol &quot;Kidding&quot; Dance Practice Mirrored,2023-08-23,2023,8
마이곰이,,48UVj3U4Va8,🎵 이세계아이돌 키딩챌린지 #KIDDING #키딩 #키딩챌린지 #이세계아이돌 #이세돌,2023-08-23,2023,8
마이곰이,,y34L4fMnB2Q,🌧️ 저예산 키딩챌린지 #KIDDING #키딩 #키딩챌린지 #이세계아이돌 #이세돌,2023-08-23,2023,8
패느,,f1YVjbgxKuA,이세계아이돌 KIDDING 챌린지 #shorts #KIDDING #키딩챌린지 #이세계아이돌,2023-08-23,2023,8
차령,,lhoww_zq1xk,🐱 KIDDING 챌린지 #KIDDING #키딩 #키딩챌린지 #이세계아이돌 #이세돌 #shorts #차령 #버튜버 #고양이ver #kiddingcatchallenge,2023-08-23,2023,8
히키킹 Hiki King,,G_hQEYdQ11Q,이세돌 키딩 챌린지 Kidding challenge 4k,2023-08-23,2023,8
고세구 GOSEGU,,h3ENaDt1cD4,요즘 유행하는 키딩 챌린지💙 #kiddingchallenge #키딩챌린지,2023-08-22,2023,8
하늘,,SEgp6Y1zezI,와따시도 스리슬쩍 #KIDDING #키딩 #키딩챌린지 #이세계아이돌 #이세돌,2023-08-22,2023,8
물주사,,-ntY6vESLsQ,이세계 아이돌 - Kidding #shorts #키딩챌린지 #KIDDING #키딩 #이세계아이돌 #이세돌,2023-08-22,2023,8
산골소녀🍂,,sD4sWaW_QOs,챌린지 절망편 #kidding #우왁굳 #이세계아이돌 #이세돌 #키딩 #키딩챌린지 #절망 #실패작,2023-08-22,2023,8
이주인 / イ・ジュイン 【V-LUP】,,KdgaDGYzqdk,이세계아이돌-KIDDING 키딩 챌린지 #shorts #키딩챌린지 #키딩 #kidding,2023-08-22,2023,8
밍키 mingky,,zt72a5lvydo,KIDDING Challenge #키딩 #이세계아이돌 #Shorts,2023-08-22,2023,8
냐피카,,dW1bo3N2B64,냐피카 KIDDING 고양이 챌린지 ❤️ #kidding #이세계아이돌,2023-08-22,2023,8
O H L I,,AsecfPvCxXA,우주끝까지 키딩 챌린지✨ #KIDDING #키딩 #키딩챌린지 #이세계아이돌 #이세돌 #vr #vrchat,2023-08-22,2023,8
카야닝,,FyJHiTuzvVw,KIDDING 챌린지 #KIDDING #키딩 #키딩챌린지 #이세계아이돌 #이세돌,2023-08-22,2023,8
수구리구리,,ndx7OU5i2c0,KIDDING 챌린지 #KIDDING #키딩 #키딩챌린지 #이세계아이돌 #이세돌,2023-08-22,2023,8
Dot Dot,,NvzcNoJkqUk,이세계아이돌 키딩 댄스 챌린지 #키딩 #키딩챌린지 #이세계아이돌 #이세돌 #우왁굳 #kpop #kpopshorts #challenge #kidding #shorts,2023-08-22,2023,8
왁타버스 WAKTAVERSE,,QLabzK9TKF8,[이세계아이돌 KIDDING] 안무실 연습 장면 공개 - Dance practice,2023-08-22,2023,8
리리땅,,JF0l5s5s3I4,이세계아이돌 - kidding 키딩~키딩챌린지 #이세돌 #이세계아이돌 #kidding #키딩 #키딩챌린지,2023-08-22,2023,8
성춘,,1kVHn3ZhAac,이세돌-Kidding onetake cover #키딩챌린지#kidding#이세계아이돌,2023-08-22,2023,8
O H L I,,as6WCcMxlG0,키딩 챌린지 가보자고 🔥 #KIDDING #키딩 #키딩챌린지 #이세계아이돌 #이세돌 #vr #vrchat,2023-08-22,2023,8
비챤의 나랑놀아,,2hpu-5HKcQU,6위를 어떻게 해,2023-08-22,2023,8
서리츄,,jIP3lKQMXrk,#KIDDING  #키딩챌린지 #이세계아이돌 #이세돌,2023-08-22,2023,8
하투,,XsPEbUsQy2Q,이세계아이돌 KIDDING (Cover.하투) #shorts #kidding #키딩챌린지,2023-08-21,2023,8
센티미터,,NMThz-b6Y6g,이세계 아이돌 KIDDING Challenge #kidding #이세계아이돌 #shorts,2023-08-21,2023,8
햄보칸쿼카,,fFLCYgV2__o,이세계 아이돌 - KIDDING(키딩) 챌린지 참여합니다!  #KIDDING #키딩 #키딩챌린지 #이세계아이돌 #이세돌,2023-08-21,2023,8
기계,,ycNkoT_p7qs,고삐리의 이세계아이돌 - KIDDING 챌린지 춤춰보았다! #키딩 #KIDDING #키딩챌린지 #이세돌 #이세계아이돌 #shorts,2023-08-21,2023,8
유빨강,,oYkbPhhrCfE,KIDDING 챌린지 도전! #이세돌#이세계아이돌#키딩#키딩챌린지,2023-08-21,2023,8
이세돌 안무가 지망생,,c6H-FlyrcrY,대형 그룹 안무가 이세돌 - KIDDING 챌린지 출동 / #왁타버스 #이세계아이돌 #우왁굳 #키딩챌린지 #이세돌,2023-08-21,2023,8
비챤의 나랑놀아,,_LjLQPC9qrE,이세계아이돌의 KIDDING 단체 챌린지~,2023-08-21,2023,8
jshua,,jQ_fn2UPp5g,이세돌 안무 시안 댄서들의 KIDDING    #KIDDING #키딩 #키딩챌린지 #이세계아이돌 #이세돌 #kpop,2023-08-21,2023,8
쌤써니 samsunny,,J7skXZfLX7Y,이세계아이돌(ISEGYE IDOL) - KIDDING #shorts  #챌린지  #이세계아이돌,2023-08-21,2023,8
테리오Terrio,,TsAAD8Lw5pI,걸그룹춤 좋아하는 남자의 이세계 아이돌 Kidding 챌린지 #kidding #이세계아이돌 #왁타버스,2023-08-21,2023,8
시프 siF,,AFb8VW-6W1k,왁굳님께서 제 영상을 보셨다길래... 🕶✨️ #KIDDING #키딩 #키딩챌린지 #이세계아이돌 #이세돌,2023-08-21,2023,8
오코이 OKOI,,Gt4Ds7CMviM,이세계아이돌 KIDDING 댄스 챌린지 💖 #키딩챌린지 #이세계아이돌 #이세돌,2023-08-21,2023,8
두아,,AR8_WJg8hi8,우왕 이세계아이돌? 키딩??? 노래 좋네요^^~~!~!!!🥹😍😍😍           #KIDDING #키딩 #키딩챌린지 #이세계아이돌 #이세돌 #노래좋아요 #왁타버스 #형,2023-08-21,2023,8
김띠모,,CRS9Q-rm1MM,KIDDING 챌린지🐻 #KIDDING #키딩챌린지 #이세계아이돌,2023-08-21,2023,8
두디콩,,7h-NkVvBSlo,키딩챌린지 #KIDDING #키딩 #키딩챌린지 #이세계아이돌 #이세돌,2023-08-21,2023,8
리처드복,,ycj1VxxYcP8,이세계아이돌 KIDDING챌린지 @waktaverse @woowakgood #징버거 #똥강아지 #KIDDING #키딩 #키딩챌린지 #이세계아이돌 #이세돌,2023-08-21,2023,8
절대 악 - 카오피,,hsOo28v6RKo,이세계 아이돌 KIDDING 챌린지  #KIDDING #이세계아이돌  #이세돌 #키딩챌린지 #키딩,2023-08-21,2023,8
아이네 INE,,3gOpQCo4TDE,KIDDING 챌린지🎵 같이해요!!! #KIDDING #키딩챌린지 #이세계아이돌,2023-08-21,2023,8
그완트gwant,,NXMiepUHuEg,로봇이 도전하는 이세계아이돌 Kidding 댄스 챌린지! #shorts #KIDDING #키딩 #키딩챌린지 #이세계아이돌 #이세돌,2023-08-21,2023,8
다운업다운,,14r8MA10FeE,흔한 뮤지컬과가 추는 이세계아이돌 KIDDING 챌린지 💘 #kidding #키딩 #키딩챌린지 #이세계아이돌 #이세돌 #shorts,2023-08-21,2023,8
개르미,,_lWTC-oncnU,이세계아이돌 키딩 챌린지!! #KIDDING #키딩 #키딩챌린지 #이세계아이돌 #이세돌 #kidding #이세계아이돌 #이세돌,2023-08-21,2023,8
나무땅,,y3VepJVN9A8,이세계 아이돌 3집 KIDDING 챌린지! ＞ㅁ＜ #KIDDING #Shorts,2023-08-20,2023,8
이무지,,mCWai_RjBVI,[ KIDDING (키딩) - 이세계 아이돌] 댄스 챌린지 #shorts,2023-08-20,2023,8
모비딕,,WX1NYt8AkX8,고등아의 이세돌 - KIDDING (키딩) 챌린지 #이세계아이돌 #이세돌 #키딩챌린지 #키딩 #kdding #kddingchallenge #고등아는고등어,2023-08-20,2023,8
Kanaph Ch. 카나프,,OnL6vsz2ixg,KIDDING 고양이 챌린지ver. (kidding cat challenge) 🐱 #kiddingchallenge #kidding #이세계아이돌,2023-08-20,2023,8
찰리씨,,6upDOhqcLY4,오뱅계르크를 위한 이세계아이돌 KIDDING 챌린지 #kidding #키딩 #키딩챌린지 #이세계아이돌 #이세돌 #shorts,2023-08-20,2023,8
임도킹,,OoJ--Q93TW0,이세계아이돌 Kidding 댄스 챌린지 #shorts,2023-08-20,2023,8
빈스,,07s1SSRpmQA,#이세계아이돌  #kidding  #댄스챌린지 #버츄얼 #버츄얼유튜버  #shorts,2023-08-20,2023,8
Johyeon,,LVjaKZaJKrc,#shorts #KIDDING #키딩 #키딩챌린지 #이세계아이돌 #이세돌,2023-08-20,2023,8
마왕의 심연,,nGs8ri-Lfus,이세계아이돌 키딩챌린지! #KIDDING #키딩 #키딩챌린지 #이세계아이돌 #이세돌,2023-08-20,2023,8
설빛심심한족제비,,bScsCn6faRg,#이세돌 #KIDDING #키딩 #키딩챌린지 #이세계아이돌 #멜론6위,2023-08-20,2023,8
히어로 준비생 레드,,GF0LBI8cbHQ,닛몰캐쉬님 옷 주워입은 이세돌 #키딩챌린지 #이세계아이돌 #kidding #shorts,2023-08-20,2023,8
기트캐,,d6pzmS0FdH0,이세돌 키딩 챌린지 참여!(릴파님 사..사..사는동안 행복하세요🩷) #kidding #kiddingchallenge #이세계아이돌 #이세돌 #키딩 #vrchat  #릴파,2023-08-20,2023,8
칠월달_ChillwalDal,,ZgBj89qWc7k,이세계아이돌 키딩챌린지 ) 태어나서 춤을 처음 춰보는 사람이 멜론 6위 가수 노래를 챌린지해보면? 🤷🏻‍♀️@waktaverse,2023-08-20,2023,8
윤대대,,U6TT-IukR1g,이세계 아이돌 KIDDING 댄스 챌린지 #shorts,2023-08-20,2023,8
왁타버스 WAKTAVERSE,,THxhxKwXEQo,이세계아이돌 NEWS,2023-08-20,2023,8
호발 HOBAL,,DIqlMx63FnI,이세계 아이돌-KIDDING 챌린지!! #kidding #이세돌 #키딩챌린지 #dancechallenge #shorts,2023-08-20,2023,8
밍키 mingky,,OQ5yC6LkAdo,이세계아이돌(ISEGYE IDOL)-KIDDING 고양이 챌린지 (kidding cat challenge) #Shorts,2023-08-20,2023,8
Akuru Ch. アクル,,r1iurSRXNN8,이세계아이돌 (ISEGYE IDOL) - KIDDING 키딩 챌린지 #shorts,2023-08-20,2023,8
G.M J,,7v7g1NmKVgA,가면라이더 1호 kidding 챌린지 #kidding #이세계아이돌 #이세돌,2023-08-20,2023,8
AI 세종대왕,,4mZjPOwA0NQ,이세돌 실사판(ISEGYE IDOL) - (키딩)KIDDING Official MV &quot;AI버전&quot; #shorts,2023-08-20,2023,8
메용223,,MJJnEtIs6LQ,여고생이춘 키딩 #KIDDING #키딩 #키딩챌린지 #이세계아이돌 #이세돌,2023-08-20,2023,8
단치,,02ksxa5XvnM,중딩 방구석 춤 #KIDDING #키딩 #키딩챌린지 #이세계아이돌 #이세돌,2023-08-20,2023,8
김커일,,NvHfJpj46l0,남고생 팬치 KIDDING 챈린지              #KIDDING #키딩 # 키딩챌린지        #이세계아이돌 #이세돌,2023-08-20,2023,8
춤추는엘레,,yM1C68DMeBc,이세계아이돌(ISEGYE IDOL) KIDDING(키딩) 챌린지 #키딩챌린지,2023-08-19,2023,8
릴파 lilpa,,uF21rqUKxjw,🐱KIDDING 고양이 챌린지ver. (kidding cat challenge) #kiddingchallenge #kidding #이세계아이돌,2023-08-19,2023,8
김까봉,,ekiFXP-Uu-I,흔한 여중생의 이세계아이돌 KIDDING 챌린지💓 #이세계아이돌#kidding #이세돌,2023-08-19,2023,8
릴파 lilpa,,l9NTsfCERJI,"💕듣자마자 홀리는, 중독성 강한 노래💕 [KIDDING] #kidding #이세계아이돌",2023-08-19,2023,8
팔성이 8STAR,,-enqiYNWtbQ,이세계아이돌 키딩 ISEGYE IDOL KIDDING 춤춰보았다,2023-08-19,2023,8
하토피아 HATOPIA,,CdMKUHVp994,🩵이세계아이돌 커버하는 아이...ㄷㅗㄹ...🪨 #키딩챌린지 ✨ #KIDDING,2023-08-19,2023,8
카린야 Calinya,,KOTj9mZhnZs,이세계아이돌-KIDDING 키딩 챌린지 #shorts #KIDDING #키딩 #키딩챌린지 #이세계아이돌 #이세돌,2023-08-18,2023,8
털어드림,,DosxJcLegKI,이세계아이돌 고세구가 인기많은 이유,2023-08-06,2023,8
고세구 GOSEGU,,8InG4xS0Og0,청량한 슈퍼샤이 챌린지~ #supershy,2023-07-26,2023,7
왁타버스 WAKTAVERSE,,msPAGYZvKTE,"이세계아이돌 LOCKDOWN 댄스 퍼포먼스 🎵💗 (릴파, 고세구, 비챤)",2023-07-23,2023,7
왁타버스 WAKTAVERSE,,vUifbRzKueI,"이세계아이돌 LOCKDOWN 댄스 퍼포먼스 🎵🔥 (아이네, 징버거, 주르르)",2023-07-23,2023,7
비챤의 나랑놀아,,CVbZhYQbJcs,여고생들의 이세돌 이름 맞추기,2023-07-22,2023,7
도비비 DovIvI,,2Zgu28GGEIM,이세계아이돌 - Lockdown 커버,2023-07-20,2023,7
왁타버스 WAKTAVERSE,,WBXiO_Or4Do,LOCKDOWN 이세계아이돌 같이보기 반응,2023-06-26,2023,6
고세구 GOSEGU,,2-e6S7eyE_4,표정만큼은 잔망 1티어 #QueencardChallenge,2023-06-17,2023,6
고세구 GOSEGU,,gAqQ4-PHkxA,화면만 봐도 부담스러운 춤 #퀸카챌린지 #shorts,2023-06-12,2023,6
고세구 GOSEGU,,qYmFDVPyNBA,이세돌과 함께 아디아디아디챌린지! 💙#shorts,2023-05-06,2023,5
aiqweas,,uLgXWV_8M8Q,헐 이세돌 멤버들이 실사화된다면?ㅎㄷㄷ 넘 이쁨ㅜㅜ❤,2023-05-04,2023,5
장미 Jang mi,,SKqvBqhmc30,이세계 아이돌 하이라이트 안무 시안 ver.,2021-12-21,2021,12
왁타버스 WAKTAVERSE,,bzNZ4TBOLHI,이세계 아이돌 최종 멤버 합격 반응 #Shorts,2021-08-28,2021,8
꿀밤,,1PnIb_oNAfI,이세계아이돌 - RE:WIND 교차편집(Stage MIx),2023-12-22,2023,12
리뿅,,4_-E-WKB5CA,마법소녀 이세계 아이돌⭐️고세구 종이인형 만들기 / #관리자님추천뜨게해주세요 #고세구 #이세계아이돌 #종이인형,2023-12-22,2023,12
🎨그림그리는 이파리🌿[이세돌 팬],,j7w_N4JZ9qI,팔이랑 다리는 귀찮아서 안그림 ㅋ#이세돌 #이세계아이돌 #우왁굳 #릴파 #그림그리는,2023-12-22,2023,12
비챤 VIichan,,5FYCSclg9O8,만들었습니다,2023-12-22,2023,12
카이,,_krY55KeOSw,이세계아이돌 - 리와인드 (민수) 100% Perfect Play [ WJMAX ],2023-12-22,2023,12
그림그리는렌나!,,fhKorDJoXfQ,4탄!이세돌주르르님반전그림!💕🎀 #kidding #이세계아이돌 #주르르,2023-12-22,2023,12
아이,,9gDcnGxFSSM,세구머리는 텅텅 비었는데?#이세계아이돌 #귀여워 #축구게임 #연습,2023-12-22,2023,12
🎨그림그리는 이파리🌿[이세돌 팬],,BrV4Xhf398o,햄이네 박사 라네#이세돌 #이세계아이돌 #우왁굳 #그림그리는 #햄이네,2023-12-22,2023,12
아이,,lvIqn-IzG_s,뢴트게늄님 담당일진 르르땅ㅋㅋㅋㅋㅋ #이세계아이돌 #주르르 #동물의숲,2023-12-22,2023,12
징버거 JINGBURGER,,zfldYjYcDGc,인생 리셋 버튼 꾸욱 ㅡㅋ 😝 #shorts #이세계아이돌 #人生リセットボタンぽちーw,2023-12-21,2023,12
왁타버스 WAKTAVERSE,,DIomV3Ebmz8,이세계 페스티벌 - 겨울봄,2023-12-21,2023,12
왁타버스 WAKTAVERSE,,k5O1F_IS0mU,이세계 페스티벌 - RE:WIND,2023-12-21,2023,12
봉인 풀린 주르르,,fiyR6cqd7h4,[주르르 반응] EXO - 첫 눈 | Cover by. 주폭소년단,2023-12-21,2023,12
JAKE GRANT,,_yjzTiSiGro,이세계 아이돌 - KIDDING cover,2023-12-21,2023,12
JAKE GRANT,,LsDtRUowjPA,이세계 아이돌 - Kidding (BandLab) cover,2023-12-21,2023,12
지봉이,,QeYuFVpR4AE,서현이생일축하해조 vs 이세계아이돌조? 오늘참여한 모든 조! 수고했어요👍🏻,2023-12-21,2023,12
SecondG,,h4LoKpEx4sc,산타릴파님 그림 타임랩스 #이세계아이돌 #릴파 #산타,2023-12-21,2023,12
윤푸탱이,,fl2Pcs-DIww,LOCKDOWN - 이세계 아이돌 (ISEGYE IDOL) cover l ✿ 윤푸 X 뮤라 X 아무쨩,2023-12-21,2023,12
고세구의 좀 더,,s4cYaD8i4a4,그 사건 고세구 반응,2023-12-21,2023,12
ExoticBankai Reaction,,cfl76MOp45c,이세계아이돌 (ISEGYE IDOL) 아이네 불나는 만화 INE&#39;s Fiery Manhwa Reaction,2023-12-21,2023,12
다컴스,,791Jj7V--dg,우리만 몰랐던 버튜버 세상 | 100만 유튜버도 부럽지 않은 이세계 아이돌,2023-12-21,2023,12
고세구의 좀 더,,MuC13UQpxK4,늙었다는 것은 살아남았다는 것,2023-12-21,2023,12
봉인 풀린 주르르,,JpXWWVxUubI,유부남과 커플남은 미연시를 잘할까?,2023-12-21,2023,12
이세계 페스티벌,,3tJI2oSNUFI,[Official] ISEGYE IDOL(이세계아이돌 / イセゲアイドル) - 겨울봄 | 🌐 이세계페스티벌,2023-12-21,2023,12
이세계 페스티벌,,0dOQ1pEkpTY,[Official] ISEGYE IDOL(이세계아이돌 / イセゲアイドル) - RE:WIND | 🌐 이세계페스티벌,2023-12-21,2023,12
징버거가 ZZANG센 주제에 너무 신중하다,,adZ2FJhVp6s,팔로워 30만명이였던 내가,2023-12-21,2023,12
JAKE GRANT,,TB8n4kqv65g,이세계 아이돌 - Kidding (BandLab) cover,2023-12-21,2023,12
ZZangKARAOKE - Topic,,xKRrE87C_1k,키딩 (Originally Perfomed By 이세계아이돌) (Instrumental Karaoke ver.),2023-12-21,2023,12
징버거가 ZZANG센 주제에 너무 신중하다,,v7xgRDM8hqQ,교멤 최초 이세돌방에서 2번 임차,2023-12-21,2023,12
쭌자카 버스킹 채널,,G_hDRfOtYuw,가림님의 이세계아이돌 KIDDING  [20231219] #얼루어 #Allure #쭌자카,2023-12-21,2023,12
BLOTIE,,Ak7WQelu4kw,일반인 여덟 명이 이세계 아이돌 키딩을 부른다면? #이세계아이돌 #kidding,2023-12-20,2023,12
BLOTIE,,5EVIshaWywQ,이세계 아이돌 (ISEGYE IDOL) - KIDDING COVER | 커버 보컬 팀 블로티 ✩·｡˚,2023-12-20,2023,12
곰돌이🧸,,SQrh_N57BH0,제페토#이세계아이돌,2023-12-20,2023,12
김도트,,5pANqzEXRYc,이세계 아이돌 - 리와인드 (프레디 머큐리 AI COVER),2023-12-20,2023,12
주르르 JURURU,,RJQkYgQ_XW0,이세페 직캠 주르르 레전드 찍은 날😭😭💖,2023-12-20,2023,12
낭만세숟갈,,nuYsOs2tPOA,이세계아이돌VS고멤,2023-12-20,2023,12
그림그리는렌나!,,Aj78Ff4gzFs,이세계아이돌징버거님! 반전그림!💛,2023-12-20,2023,12
덕질모음,,5kBUVDQsYQc,최근 열일 중인 이세계 가수 모아보기!,2023-12-20,2023,12
ExoticBankai Reaction,,KvtAIK4-rls,이세계아이돌 (ISEGYE IDOL) 그 아가씨들 등장 - 집사카페 2화 THE Ladies Have Arrived - Butlers Cafe Ep. 2 INE Reaction,2023-12-20,2023,12
즐로,,PpzyjnbxNJg,널 잡고 놓아주지 않을꺼야 #이세계 #이세계아이돌 #아이돌 #키딩#Kidding 출처@김 지 예,2023-12-20,2023,12
이지댄스광복,,xPU63a2DmRE,[부산댄스학원] 이지댄스광복 GIRLISH LV.UP KPOP | 이세계 아이돌 - Kidding | KPOP 케이팝 | Teach by SEOA #직장인취미반,2023-12-20,2023,12
타미르 / 마두금 연주자 morin khuur,,DBSe-nEu-lk,내가 아는 이세돌은 바둑 기사 밖에 없었는데... #shorts #이세계아이돌 #rewind #이세돌 #cover,2023-12-20,2023,12
뮤지션마켓,,zERrZxEMj6A,이세계아이돌 - Kidding | 베이스 커버🎸 #김예인,2023-12-20,2023,12
휘요니♡,,Y66rj0NF1QU,이세계 아이돌에 kidding 가사 쓰기 #와현님 영상 #떡상떡상떡상,2023-12-20,2023,12
Rika_리카,,CZajsRPUfFw,[노래방 커버] 이세계아이돌 - RE : WIND,2023-12-20,2023,12
🎨그림그리는 이파리🌿[이세돌 펜],,Cwksv6z5j5s,고세구 수영복( 손가락 죽을번 헸다)#이세돌 #이세계아이돌 #우왁굳 #고세구 #그림그리는영상,2023-12-20,2023,12
징버거 JINGBURGER,,EVlVV8rpRh4,5초만에 보는 똥강아지의 하루 #shorts  #이세계아이돌 #징버거,2023-12-20,2023,12
징버거가 ZZANG센 주제에 너무 신중하다,,mGp6TOpTPxI,귀가 사라진 주미호,2023-12-20,2023,12
알밤,,gjSslAsV0_k,이세돌 싸이퍼 x 도착 Cypher remix - 이세계아이돌 (가사),2023-12-19,2023,12
라티아279,,Dvc-TQd0Tz8,이세계 아이돌&quot;over&#39; ai cover,2023-12-19,2023,12
고세구의 좀 더,,kfvgCWj382A,알잘합깔센 왁타버스 MV - 고세구 반응,2023-12-19,2023,12
HNH TV,,nAj-gUrbXOQ,이세계 아이돌 kidding + 세븐틴 음악의신 댄스 .,2023-12-19,2023,12
January1st AI,,5P-9raJzFY0,TAEYEON 태연 &#39;&#39;Another World (어나더 월드)&#39;&#39; ISEGYE IDOL (이세계아이돌) (AI Cover),2023-12-19,2023,12
DSC,,B77V8KOCGcY,[이세계 페스티벌] 마지막 엔딩 영상 이세계아이돌 (ISEGYE IDOL) - KIDDING (키딩) (유튜브 LIVE 댓글 반응),2023-12-19,2023,12
DSC,,PUYsXv77M0Q,[이세계 페스티벌] 엔딩 크레딧 이세계아이돌 (ISEGYE IDOL) - LOCKDOWN (락다운) (유튜브 LIVE 댓글 반응),2023-12-19,2023,12
MAVEL RANG,,pYo6_KcE1Sk,ISEGYE IDOL(이세계 아이돌) Lockdown_커버보컬팀 마블랑 ♬,2023-12-19,2023,12
DSC,,2WJX73rERkc,[이세계 페스티벌] 이세계아이돌 (ISEGYE IDOL) - 리와인드 (RE:WIND) (유튜브 LIVE 댓글 반응),2023-12-19,2023,12
DSC,,gqylE0AyjsQ,[이세계 페스티벌] &#39;지금까지 이세계아이돌이었습니다~&#39; 이세돌 마지막 인사 멘트 (유튜브 LIVE 댓글 반응),2023-12-19,2023,12
하얀백냥이,,EcPvwWzJyQI,★이세계 아이돌× 화산귀환 박자편집★ #화산귀환 #청명#이세계아이돌 #박자편집 #shorts,2023-12-19,2023,12
DSC,,VVJNPROXcGQ,"[이세계 페스티벌, 최초공개] 이세계아이돌 (ISEGYE IDOL) - OVER (오버) (유튜브 LIVE 댓글 반응)",2023-12-19,2023,12
(떡상하고싶은)아연💚,,IVEURmlM1l8,이세계아이돌#사요나라,2023-12-19,2023,12
DSC,,2vJCFC6mUvw,"[이세계 페스티벌, 최초공개] 이세계아이돌 (ISEGYE IDOL) - Superhero (슈퍼히어로) (유튜브 LIVE 댓글 반응)",2023-12-19,2023,12
김리아,,S4lvVjhckns,"이세계아이돌 - Kidding, AA40",2023-12-19,2023,12
DSC,,xrDaO0TzxkM,[이세계 페스티벌] 이세계아이돌 역사상 첫 번째 오프라인 만남 &amp; 인삿말 + 쿵야돌 애니메이션 (유튜브 LIVE 댓글 반응),2023-12-19,2023,12
소라뮤직[SORA],,olWGD9df3DM,ISEGYE IDOL(이세계 아이돌) - Kidding,2023-12-19,2023,12
소라뮤직[SORA],,2kxC2Y5dsIk,ISEGYE IDOL(이세계 아이돌) - Kidding,2023-12-19,2023,12
DSC,,ZX3mf8MQ5LI,[이세계 페스티벌] 이세계아이돌 파트 오프닝 영상 (유튜브 LIVE 댓글 반응),2023-12-19,2023,12
ExoticBankai Reaction,,MYxwGJmLeWI,이세계아이돌 (ISEGYE IDOL) 아이네의 고집 - 집사카페 1화 The Stubbornness of Ine - Butlers Cafe Ep. 1 Reaction,2023-12-19,2023,12
봉인 풀린 주르르,,KEC0uTrS7So,선물은~ 르르의 뽀뽀,2023-12-19,2023,12
유성,,FDhnn9eLows,아이네 락다운 오버 직캠 #이세돌 #이세계아이돌 #서코,2023-12-19,2023,12
징버거가 ZZANG센 주제에 너무 신중하다,,lnIC32Po77s,온 세상이 숭배다,2023-12-19,2023,12
왁타버스 ZERO,,-GV7Vqi3Ihk,이세돌이 고멤 티어매기기 ㅋㅋㅋㅋㅋㅋ,2023-12-18,2023,12
beautiful Rock,,06wUUQYTjoE,노래방에서 이세계아이돌 (ISEGYE IDOL) - 리와인드 (RE:WIND) 불러봤습니다,2023-12-18,2023,12
라티아279,,E1nIR4eMofU,이세계 아이돌 슈퍼히어로 ai cover,2023-12-18,2023,12
YOUNGPIANO,,cuqfgmM9fMY,KIDDING(이세계아이돌)-피아노4hands,2023-12-18,2023,12
비챤의 나랑놀아,,kWkrNcXIdKM,나 잡아봐라,2023-12-18,2023,12
프롬댄스 From Dance,,BQF4axVsXgM,이세계아이돌 (ISEGYE IDOL) - KIDDING (T. Chellsi) / Kids K-pop Class / [부천댄스학원] 프롬댄스,2023-12-18,2023,12
승칠,,ni3_TCawxUE,"【175회 서울 코믹월드 무대】  Over The 이세계 팀 | 이세계 아이돌 - Superhero, OVER",2023-12-18,2023,12
썸머이브 XUMMER EVE,,PTWOAlDHERY,【XUMMER EVE X Rena】 이세계아이돌 (ISEGYE IDOL) - OVER (오버) COVER,2023-12-18,2023,12
비챤의 다시보기,,ftjNVg1YMoY,"[2023-12-17] 이세계아이돌 데뷔 2주년 합방, 고멤&amp;교멤 티어게임 / 비챤의 다시보기",2023-12-18,2023,12
징버거가 ZZANG센 주제에 너무 신중하다,,sskwp3hA_Q8,부산으로 와 언니,2023-12-18,2023,12
릴파의 꼬꼬,,E8CGtSc9YKc,릴집사와 챤이 아가씨,2023-12-17,2023,12
E-SELL,,j_lblttNfHk,[이세돌 우왁굳 같이보기 반응] - 2022연말공모전 우왁굿,2023-12-17,2023,12
고세구 다시보기,,RqW-TSal_qA,"20231217 이세계아이돌 2주년 합방,이세돌의 고멤&amp;아카데미 티어게임 등 - 고세구 다시보기",2023-12-17,2023,12
ExoticBankai Reaction,,5n_jvVeVX2I,이세계아이돌 (ISEGYE IDOL) 개빡치네 I&#39;M MAD!!!! INE Reaction,2023-12-17,2023,12
카에데클립 KaedeClip,,UBR7hVf-fUE,한국 버튜버까지 찾아본 K아라 점장님,2023-12-17,2023,12
J-Walks,,BkFLbrHEVOM,이세돌 겨울봄 떼창 라이브 (이세계페스티벌 직캠),2023-12-17,2023,12
비챤의 나랑놀아,,fjevDrkAaTE,차의 정체,2023-12-17,2023,12
고세구의 좀 더,,FnZyrpGPLok,기습 우왁굳,2023-12-17,2023,12
우왁굳의 돚거,,5iaHSFUyc7M,뉴욕 브로드웨이에 이세계아이돌 2주년 축하 광고 달림 (실화),2023-12-17,2023,12
우왁굳의 돚거,,fbDVwrXrr6E,아프리카 여러분~ 이세계아이돌 주르르입니다!,2023-12-15,2023,12
징버거 JINGBURGER,,vAPbSOanY2U,죽으면 캐릭터가 삭제되는 짱 어려운 게임 ㄷㄷ #이세계아이돌 #징버거,2023-12-12,2023,12
오브메르,,Sk8zpOZKU9U,이세계아이돌 (ISEGYE IDOL) - Superhero (슈퍼히어로) COVER ₊˚ପ⊹ 커버 보컬 팀 오브메르,2023-12-11,2023,12
오코이 OKOI,,CPMPHLNpgFY,이세계아이돌 Superhero 👾 50만 감사합니다 ! 🩷,2023-12-09,2023,12
징버거 JINGBURGER,,uYxtmY9GJn4,장충동왕족발버거 오케스트라 #shorts #이세계아이돌 #징버거,2023-12-09,2023,12
징버거 JINGBURGER,,cOnKDwZtUDw,[직캠] 이세페 슈퍼히어로💓 징버거 #shorts #이세계아이돌,2023-12-07,2023,12
징버거 JINGBURGER,,VuB3UP8RAmg,[직캠] 이세페 오버🤍 징버거 #shorts  #이세계아이돌,2023-12-07,2023,12
이세라이브 IseLive,,a5hDr_Qbm4Y,[이세계아이돌] 릴파-U (millennium parade) 용과 주근깨 공주 OST coverㅣ콘서트 ver.,2023-12-05,2023,12
노솜 ROHSOM,,4gz_dyqLsM4,[cos] 이세계아이돌- KIDDING 키딩 ISEGYE IDOL Dance cover/코스프레,2023-11-30,2023,11
고세구 GOSEGU,,PDdYJJIuBpk,슈붕 vs 팥붕,2023-11-30,2023,11
고세구 GOSEGU,,R7gyqUkYkso,이세돌 규정위반,2023-11-29,2023,11
왁타버스 WAKTAVERSE,,IxbahK0yIus,평행세계의 이세계아이돌,2023-11-23,2023,11
징버거 JINGBURGER,,cTnC1Jv1g78,징강아지의 하루 #shorts  #이세계아이돌 #징버거 #partyanimals,2023-10-31,2023,10
징버거 JINGBURGER,,DXogpHLjCYM,언니 깨우기😴💜 #shorts #이세계아이돌 #징버거,2023-10-30,2023,10
신사장,,P2ploUzj99Q,허공에 아이네 둘기🕊️#캐릭터만들기 💜이세계아이돌 키딩 1000만 축하🎉 #shorts,2023-10-29,2023,10
왁타버스 WAKTAVERSE,,MHasUwq3NfU,이세계페스티벌 후기 - 이세돌 핫클립,2023-10-27,2023,10
왁타버스 WAKTAVERSE,,trb00rp0AX4,"이세계아이돌 Superhero, Over 녹음 비하인드",2023-10-22,2023,10
VWORLD 버추얼월드,,ZsQtxmzgbjo,이세계아이돌 노래 전곡 듣기 playlist [superhero부터 rewind까지✨] #이세돌 #이세계아이돌,2023-10-15,2023,10
징버거 JINGBURGER,,myCO5zbwwBg,프로필 사진을 찍었는데.... 📸🤦‍♀️💨 #shorts  #이세계아이돌 #징버거,2023-10-14,2023,10
뮤즈,,TXqvucpJ1Ug,키딩 이세돌 🧶 : ISEGYE IDOL - Kidding [가사/해석/번역],2023-10-12,2023,10
왁타버스 WAKTAVERSE,,-PJ6k8dRtVA,우왁굳 + 이세돌 실제로 만났습니다. - 1화 -,2023-10-02,2023,10
포비위키,,tYYGLkq3Mnc,전세계가 인정한 한국 버튜버 &#39;이세계 아이돌&#39;에 대한 13가지 TMI,2023-09-30,2023,9
J-Walks,,d56uDn0Paew,한국 &#39;최초&#39; 버츄얼 아이돌 콘서트 실황 (이세계아이돌 리와인드),2023-09-28,2023,9
스브스뉴스 SUBUSUNEWS,,S1bcy4h1mS8,콘서트 티켓 8분 만에 전석 매진시킨다는 버추얼 아이돌 근황 / 스브스뉴스,2023-09-28,2023,9
왁타버스 WAKTAVERSE,,fO1jVECjPVo,이세계아이돌 콘서트용 신곡 Superhero #Shorts,2023-09-26,2023,9
왁타버스 WAKTAVERSE,,uM32RdUAlbY,이세계아이돌 콘서트용 신곡 OVER #Shorts,2023-09-26,2023,9
J-Walks,,RQo3xQo-XB4,[4K 직캠] 이세계아이돌 데뷔곡 &#39;리와인드&#39; 최초 라이브 + 떼창 (이세계 페스티벌),2023-09-26,2023,9
왁타버스 WAKTAVERSE,,wyhwJnNpVJI,이세계아이돌 (ISEGYE IDOL) - Superhero (슈퍼히어로) 이세계 페스티벌 Ver.,2023-09-25,2023,9
왁타버스 WAKTAVERSE,,i4SRH9jfUMQ,이세계아이돌 (ISEGYE IDOL) - OVER (오버) 이세계 페스티벌 Ver.,2023-09-25,2023,9
아벵 AVS,,r0E8Foq8vHQ,[4K] 20230923 이세계 페스티벌 버추얼 파트 S석 직캠 | Isegye Festival 2023,2023-09-25,2023,9
ISEGYE IDOL - Topic,,ZScUocsyOqk,OVER (inst.),2023-09-24,2023,9
ISEGYE IDOL - Topic,,ptATxzQCI5s,OVER,2023-09-24,2023,9
ISEGYE IDOL - Topic,,4-IEkrFB1kI,Superhero,2023-09-24,2023,9
옷만드는 양우,,Wz2JJ1vRxdc,아쉬움이 가득했던 이세계 페스티벌 후기(VLOG),2023-09-23,2023,9
좋아하는걸올립니당,,vv0izZ8kSa8,버츄얼 아이돌 콘서트 근황 #이세계아이돌 #플레이브 #리와인드 #여섯번째여름 #shorts,2023-09-23,2023,9
말하눈펭귄,,OP4KEIueuOc,이세계아이돌 (ISEGYE IDOL) - SUPERHERO (슈퍼히어로) [ISEGYE Festival 이세계 페스티벌],2023-09-23,2023,9
말하눈펭귄,,JlEo6YFEe1s,이세계아이돌 (ISEGYE IDOL) - OVER (오버) [ISEGYE Festival 이세계 페스티벌],2023-09-23,2023,9
징버거 JINGBURGER,,RoeGMgaLXbU,정말 너 하나뿐이야💗😘 애상 COVER #이세계아이돌 #왁타버스 #징버거 #뢴트게늄 #권민,2023-09-20,2023,9
쇼넨망가,,VGE2NreYduQ,갈까 말까... 이세계 페스티벌 알아보기...,2023-09-14,2023,9
고세구 GOSEGU,,6GQV6lhwgNs,[SPECIAL MV] 팬서비스 1000만 기념 콘서트,2023-09-10,2023,9
J-fret 제이프렛 KPOP,,X3i-PfMf2yo,이세계아이돌 - Another World (어나더 월드) 음악리뷰! 이렇게 덕후가 되어가나?,2023-08-31,2023,8
VROZ TV,,kHjNvmNbxh4,"[VROZ TV] 이세계아이돌, K-POP 빌보드 차트 3위 - 8월 30일 수요일 VTuber News",2023-08-31,2023,8
왁타버스 WAKTAVERSE,,JT165y_TJbQ,저세계아이돌 KIDDING 챌린지 #Shorts,2023-08-28,2023,8
J-fret 제이프렛 KPOP,,XiyK77Xyv_o,"이세계아이돌 (ISEGYE IDOL) - LOCKDOWN (락다운) 리뷰,리액션",2023-08-23,2023,8
피플릭스,,fY_zwrfi-7M,나 멜론 3집 6위 가수야 이세계아이돌,2023-08-21,2023,8
Pinky Peachy,,HxLtCmV4uws,ISEGYE IDOL (이세계아이돌 ) KIDDING Lyrics (이세계아이돌 키딩 가사)  Color Coded Lyrics [Han|Rom|Eng],2023-08-19,2023,8
이세계아이돌 떡상 기원 채널,,s4XnGxZzapw,이세계아이돌 (ISEGYE IDOL) - KIDDING (키딩) Color Coded Lyrics [Han|Rom|Eng]#shorts #이세돌 #이세계아이돌,2023-08-19,2023,8
ISEGYE IDOL - Topic,,F113VnSZzI0,KIDDING (Inst.),2023-08-18,2023,8
ISEGYE IDOL - Topic,,93mZo1XTH5I,KIDDING,2023-08-18,2023,8
왁타버스 WAKTAVERSE,,rDFUl2mHIW4,이세계아이돌 (ISEGYE IDOL) - KIDDING (키딩) Official MV,2023-08-18,2023,8
왁타버스 WAKTAVERSE,,sGRkce9TLQk,이세계아이돌 - KIDDING / Concept Trailer,2023-08-13,2023,8
하이,,ZATCB6M49GI,이세계 아이돌 멤버 별 노래모음 [Playlist]  / ISEGYE IDOL Playlist,2023-08-05,2023,8
고세구 GOSEGU,,dFVIviR2cw8,우왁굳: 뒤질래 진짜?,2023-07-29,2023,7
왁타버스 WAKTAVERSE,,LrVYuOXt0qs,[마법소녀 이세계아이돌] 웹툰 9화 BGM,2023-07-26,2023,7
왁타버스 WAKTAVERSE,,T1-TKk3xVIc,Another World 최초 공개 이세돌 반응,2023-07-25,2023,7
nacoco music,,hNCEUzfrg5A,LOCKDOWN 락다운 - 이세계아이돌 기타연주,2023-07-22,2023,7
ISEGYE IDOL - Topic,,JtETM1FFA6I,Another World,2023-07-21,2023,7
ISEGYE IDOL - Topic,,Rt2ZEhAOFaY,Another World (Inst.),2023-07-21,2023,7
왁타버스 WAKTAVERSE,,8KTFf2X-ago,이세계아이돌 (ISEGYE IDOL) - Another World (어나더 월드) Official MV (차원을넘어 이세계아이돌 웹툰 OST),2023-07-21,2023,7
왁타버스 WAKTAVERSE,,8Lfz7lSBb_Y,이세계아이돌 Another World TEASER,2023-07-18,2023,7
왁타버스 WAKTAVERSE,,93tpVm786QU,(실화) 이세계아이돌 웹툰 새로운거 또 나올 예정 입니다.,2023-07-18,2023,7
이브리띵,,nnPDwnkSbHA,이세계아이돌 업적 모음 50가지,2023-07-08,2023,7
비챤의 나랑놀아,,-KqchOsYads,나 음악중심 10위 아이돌 가수야~,2023-07-03,2023,7
비챤의껌딱지,,IdT7usRF-DQ,마법소녀 이세계아이돌 출시!!,2023-07-03,2023,7
FOXsound Official,,jP4PBE8U_tQ,이세계아이돌 (ISEGYE IDOL) - LOCKDOWN,2023-06-30,2023,6
MUNi,,oTfswX3xh1Q,이세계아이돌 (ISEGYE IDOL) - LOCKDOWN (락다운) (MUNi Remix),2023-06-30,2023,6
🍊PORORO뽀로로,,2Fgsi1Mt-K8,【한결HanGyeol】이세계아이돌－LOCKDOWN【2023.06.26】(1),2023-06-30,2023,6
비챤의 나랑놀아,,OTr39pWXXrs,게임속에 등장한 이세계아이돌!,2023-06-29,2023,6
리듬중수,,fDmbXMDMEU8,비트 크래프트 [이세계 아이돌]-Lockdown,2023-06-29,2023,6
Drummer Nuri☆Nuri,,wFjHsU-cJK8,#103 이세계아이돌 - LOCKDOWN Drum Beginner  Ver By Nuri☆Nuri,2023-06-29,2023,6
시트러스,,33qv4-dccXg,이세계아이돌 - LOCK DOWN DRUM COVER by CITRUS,2023-06-29,2023,6
이챙이,,u7lD6oqcG6I,🌿이세계아이돌 LOCKDOWN Acapella ver. COVER,2023-06-29,2023,6
신민철(SHINMIN),,3XCCzETQmHo,이세계아이돌- Rewind outro guitar solo,2023-06-28,2023,6
라라진 Lara Jin,,ZkVUfFZD9WM,일본에서 이세계 아이돌 - 리와인드 REWIND 를 춰보았다❕🤍,2023-06-28,2023,6
진이의 잡다한 흑역사 저장소,,sxJjQ-WDTnI,이세계 아이돌 - LOCKDOWN | recorder cover,2023-06-27,2023,6
마츠토키 MatsuToki,,B4opJpnw40w,이세계아이돌 (ISEGYE IDOL) - RE:WIND (Matsutoki Remix)[2022 MIDI performance Original Track],2023-06-26,2023,6
버거킹,,kToTp3Bd6zg,이세계아이돌 좋아용#이세계아이돌 #이세계아이돌 팬아트,2023-06-26,2023,6
LUAN official,,mJiS-Spp-VI,이세계아이돌 (ISEGYE IDOL) - LOCKDOWN (락다운)｜Male Cover by Luan,2023-06-26,2023,6
멘탈천국의 영화 및 음악공간Mental Heaven,,wTmauybemT8,이세계 아이돌 - LOCK DOWN 악보 / Orchestra Ver. [Sheet Music],2023-06-26,2023,6
힐링기타 Healing Guitar,,jjToEh_5HHY,이세계 아이돌 LOCKDOWN 기타 Cover  #shorts,2023-06-26,2023,6
ERY STUDIO,,-7bdR6nSEkk,[ 4K ] 이세계아이돌(ISEGYE IDOL) - LOCKDOWN [인이어 간접체험 (In-ear indirect experience)],2023-06-26,2023,6
동울 / Dongwool,,O24TBVaGd4Q,이세계 아이돌 (ISEGYE IDOL) - 「LOCKDOWN」 / Guitar Cover,2023-06-26,2023,6
우월,,oSN94j7NMIo,LOCKDOWN-이세계아이돌,2023-06-26,2023,6
다이아쿠DieAku,,2-xAeWgEhQE,이세계아이돌(ISEGYE IDOL) - LOCKDOWN (락다운) / 다이아쿠【불러보았다】,2023-06-26,2023,6
힐링기타 Healing Guitar,,D9EOlCfO9tE,이세계아이돌 Lockdown cover 락다운cover,2023-06-26,2023,6
잼민이,,8OMPE9pNMSU,이세계 아이돌-LOCKDOWN 가사 쓰기,2023-06-26,2023,6
셰인트_Shaint,,0CJUw8coQrI,[피아노/Piano] LOCKDOWN - 마법소녀 이세계 아이돌 OST | 이세계 아이돌 (ISEGYE IDOL),2023-06-26,2023,6
미스터 펜타토닉,,9qZgx53rpJA,이세계아이돌 - LockDown (락다운) 베이스커버 Bass cover #이세돌 #이세계아이돌 #lockdown #베이스 #커버곡,2023-06-26,2023,6
잼잼,,1Ebl5FTRkvY,이세계 아이돌 Lockdown 기타커버,2023-06-25,2023,6
001 CLUB,,2oVF1sWJ9PU,가천대 현음 - Re : Wind (Cover 이세계 아이돌),2023-06-25,2023,6
Acoustic Seop 어쿠스틱섭,,36nkI-yQdbo,이세계아이돌 LOCKDOWN 기타COVER,2023-06-25,2023,6
이상,,NURn8TXAUUc,이세계 아이돌 - LOCKDOWN (Short ver.),2023-06-25,2023,6
멜루,,1-nHgI_WyMs,마법소녀 이세계 아이돌 주르르 반전그림 #lockdown #JURURU #주르르,2023-06-25,2023,6
멜루,,VuebifEKsvY,마법소녀 이세계 아이돌 고세구 반전그림 #lockdown #GOSAGU #고세구,2023-06-25,2023,6
멜루,,McdYJm7z4cg,마법소녀 이세계 아이돌 징버거 반전그림 #lockdown #JINGBURGER #징버거,2023-06-25,2023,6
유먕 YooMyang,,P_skbtnWzkc,날 막을 수 없을 거야 넌 이세계아이돌 - 락다운 (LOCKDOWN) COVER,2023-06-25,2023,6
마츠토키 MatsuToki,,KzXd8vfwziI,이세계아이돌 (Isegye Idol) - Lockdown (락다운)[Matsutoki remix],2023-06-25,2023,6
도메이로 | Rainbow Six Siege,,9tuw-PJE5fo,"[이세계아이돌/ISEGYE IDOL] LOCKDOWN(락다운) | 레인보우식스 시즈, 레식",2023-06-25,2023,6
ERY STUDIO,,Vc0WTZy9kH8,[ 4K / VR180 /  8DAudio ] 방구석 콘서트 간접 체험 - [ 이세계아이돌(ISEGYE IDOL) - LOCKDOWN ],2023-06-25,2023,6
피아노요정 숑아,,E5ivyDBngDg,멜론차트 29위 찍은 &quot;그 노래&quot; | 이세계아이돌(ISEGYE IDOL) - LOCKDOWN,2023-06-25,2023,6
Kihana[キハナ],,ih2KVk1A9IA,『무적 최강 이세계아이돌...!!! LOCKDOWN』#shorts #이세돌 #이세계아이돌 #lockdown,2023-06-25,2023,6
연필의 덕질채널,,rJCgJ_u8TRg,이세계아이돌 (ISEGYE IDOL) - LOCKDOWN [마법소녀 이세계아이돌 웹툰 OST] / Lyrics 가사,2023-06-25,2023,6
BottleSee,,cXm54UZA8vs,공짜드럼으로 이세계아이돌 노래 찍어보기,2023-06-25,2023,6
로하 게임로그,,lrrTbFzLtxE,💗이세계 아이돌 리와인드✨️:출처 아카네ne.💦👑원본 자료👈편집:Capcut🍀,2023-06-25,2023,6
에스프레소,,GTcbFj1rE6w,이세계아이돌 - LOCKDOWN Orchestral ver. (Full),2023-06-25,2023,6
호빗,,YWp7t_HbHYI,이세계아이돌 (ISEGYE IDOL) - Lockdown┃Cover by AI 왁두,2023-06-24,2023,6
왁타버스 WAKTAVERSE,,WNXE5fC-2k8,마법소녀는 역시 변신 씬이지 - 이세계아이돌 LOCKDOWN #Shorts,2023-06-24,2023,6
쇼츠음악명언방,,vNUlacXertw,최신 쇼츠 배경 음악 이세계아이돌(리처드 반필드),2023-06-24,2023,6
DrumR399,,XFnv_LgsYl4,이세계아이돌(ISEGYE IDOL) - LOCKDOWN(락다운)을 드럼으로 짧게 건드려봤습니다아!!#shorts,2023-06-24,2023,6
단댬,,ZyswczjHzWc,마법소녀 이세계 아이돌 아이네님으로 반전그림,2023-06-24,2023,6
제니퍼 키친,,bhl7gcAMXW0,K-Dance 이세계아이돌[제작자-둘째],2023-06-24,2023,6
레초,,0Thjc0xybVQ,이세계아이돌-Lock Down Drum Cover (풀버전 고정댓글 ㄱㄱ),2023-06-24,2023,6
낭만고라니,,D43NXCxk0gg,이세계 아이돌과 조광일이 만난다면?,2023-06-24,2023,6
DEBU Connor,,nJvtj9QVJmw,이세계 아이돌 LOCKDOWN Rock Cover,2023-06-23,2023,6
블레,,IJnvSF1DSMM,[이세계 아이돌 - LOCKDOWN] 원신 MV,2023-06-23,2023,6
데마링,,BNkiG7LBGmg,【Demaring】 이세계아이돌 (ISEGYE IDOL) - 겨울봄 (Winter Spring) ˖◛⁺˖ 이세계아이돌 커버보컬팀 데마링,2023-06-23,2023,6
기타수박,,UYvkHEmgDGA,이세계 아이돌 - 『LOCKDOWN』(락다운) guitar cover,2023-06-23,2023,6
한캐나,,uzSrkPpmHnI,이세계아이돌 릴파!!! 다꾸~ 너무 덕지덕지 붙혀서 너무 화려하네;; #이세계아이돌 #이세돌 #팬아트 #그림세돌,2023-06-23,2023,6
무무,,xmaQFdwpxwY,이세계아이돌 - LOCKDOWN | 무무 COVER,2023-06-23,2023,6
연주하는곰탱,,_sUEGjtpQi8,이세계아이돌(ISEGYE IDOL)-LOCKDOWN Violin cover,2023-06-23,2023,6
SweetBerry_miku,,NzlalZo4Atc,이세계 아이돌 LOCKDOWN 베이스 솔로,2023-06-23,2023,6
음악덕후,,7Ft7CQWM95c,이세계아이돌 (ISEGYE IDOL) - LOCKDOWN (락다운) [Funk Remix],2023-06-23,2023,6
하고싶은거다해,,FA2OqSw6h2M,이세계아이돌 (ISEGYE IDOL) 딱!멈춰봐 누굴까? #shorts,2023-06-23,2023,6
쪼담,,x0vvjrmT8wI,이세계아이돌 - LOCKDOWN 남자 커버,2023-06-23,2023,6
패그의 취미생활,,YKiSfXci69Q,마법소녀 이세계아이돌 손 그림 #shorts,2023-06-23,2023,6
JS park,,ti_emAe2-FY,이세계아이돌 - LOCKDOWN guitar cover,2023-06-23,2023,6
미친감성 (감성사운드),,T0Ft0zpNBVM,네..? 2D 아이돌이요? 작곡가의 관점에서 본 이세계아이돌 (ISEGYE IDOL) - LOCKDOWN 리뷰! [미친감성] 미디 작곡 보컬 Kpop 케이팝,2023-06-23,2023,6
하루한곡,,S3H3Ms7zRXU,"이세계아이돌 (ISEGYE IDOL) - LOCKDOWN (락다운) , (마법소녀 이세계아이돌 웹툰 OST) 기타, 코드, 타브악보",2023-06-23,2023,6
BSU,,TqMUT6v_Vr4,@waktaverse 이세계 아이돌 - LOCKDOWN remix demosong,2023-06-23,2023,6
네코,,UUfpoNf2O3M,이세계 아이돌(ISEGYE IDOL) - LOCK DOWN Guitar Cover By.NeKo,2023-06-23,2023,6
페코코,,h_2AwuT0cuU,이세계아이돌 - LOCKDOWNㅣ페코코 COVER,2023-06-23,2023,6
낑깡뽕낑,,Ox6QznvNDiY,이세계 아이돌을 무시하면 안되는 이유 ;; #shorts,2023-06-23,2023,6
낑깡뽕낑,,rrgRonN8W3A,이세계 아이돌을 무시하면 안되는 이유 ;;,2023-06-23,2023,6
레이 [Ray],,-BDRCxVI5w8,LOCK DOWN┃이세계 아이돌 (ISEGYE IDOL) / Guitar Cover,2023-06-23,2023,6
우왁굳의 돚거,,gxghGivejCw,절대 수영장에 들어가지 말아...,2023-06-22,2023,6
버드영우Bird0woo,,4JY8P0SurMk,이세계아이돌 (ISYEGYE IDOL) - LOCK DOWN (락 다운) 기타 커버 guitar cover,2023-06-22,2023,6
YOONWOO LEE,,lghK8Y2q3Kk,이세계아이돌 - LOCKDOWN Guitar Cover / 기타 커버,2023-06-22,2023,6
프리아 라이브,,BNJPbqnuouE,베베리 - 겨울봄 (이세계 아이돌),2023-06-22,2023,6
Pinky Peachy,,nZuwHZP2iLQ,ISEGYEIDOL (이세계 아이돌) LOCKDOWN 락다운 가사( Webtoon OST) Color Coded Lyrics [Han|Rom|Eng]|PinkyPeachy,2023-06-22,2023,6
세상,,9unoiFJ12cs,차원을 넘어 마법소녀 이세계 아이돌!,2023-06-22,2023,6
왕꿈틀이 WANGGGUMTEULI,,mrjjkl8Ne_E,이세계아이돌 - LOCKDOWN｜cover by wangggumteuli,2023-06-22,2023,6
왁타버스 WAKTAVERSE,,WKkFxVce37I,이세돌이 풀 더빙한 마법소녀 이세계아이돌 1화 - [더빙툰],2023-06-22,2023,6
지동현_guitar,,lJizPEUEDks,이세계아이돌 - LOCKDOWN (전세계 최초 guitar cover),2023-06-22,2023,6
PARUS,,q3-Ihby01FI,이세계아이돌 - LOCKDOWN 기타 COVER,2023-06-22,2023,6
BSU,,R_7HGXrWUoA,@waktaverse 이세계 아이돌 - rewind 리믹스,2023-06-22,2023,6
덕청이,,cipRPaqRweo,아이네님이 빌런인가요? 이세계아이돌 신곡 LOCK DOWN 뮤비 반응,2023-06-22,2023,6
왁타버스 WAKTAVERSE,,FakDmwUEjJI,이세계아이돌 : 차원을넘어 OST MV Teaser 1,2023-06-22,2023,6
SEE SAW,,zvu91Kt1LeI,이세계아이돌 - LOCKDOWN bass cover,2023-06-22,2023,6
365 MUSIC_1HOUR ,,ZiWwI6OpYwQ,1시간 / 이세계아이돌 - LOCKDOWN [LOCKDOWN] / 가사 Audio Lyrics,2023-06-22,2023,6
슈쥬,,jJlL24_yV0U,이세계아이돌 징버거님 그리기 #shorts #가족그림 #그림쟁이 #이세계아이돌 #징버거,2023-06-22,2023,6
ExoticBankai Reaction,,BCKAM1Ql1l0,【한국어 자막】이세계아이돌 (ISEGYE IDOL) - LOCKDOWN (락다운) Official MV (마법소녀 이세계아이돌 웹툰 OST) Reaction,2023-06-22,2023,6
ISEGYE IDOL - Topic,,3KZCKKeCuAc,LOCKDOWN,2023-06-22,2023,6
이맛툰,,m0a7ouMRjRg,먼치킨 마법소녀 이세계아이돌 웹툰 드디어 출시!!! [먼치킨 BEST 6],2023-06-22,2023,6
왁타버스 WAKTAVERSE,,QgMFpuos4Rg,이세계아이돌 (ISEGYE IDOL) - LOCKDOWN (락다운) Official MV (마법소녀 이세계아이돌 웹툰 OST),2023-06-22,2023,6
커스텀 1분 완성 1CM,,ZjGbe2OlMLM,이세계 아이돌 징버거 커스텀 방법(2탄),2023-06-22,2023,6
잼민이,,RJ-WK_Jn4AA,이세계 아이돌 비챤 VIichan 반전그림,2023-06-21,2023,6
yeppSun,,A5i-cUx7apg,RE:WIND 리와인드 빵떡버전 - 이세계아이돌,2023-06-20,2023,6
털어드림,,ySPdItGKsS8,"과거 현실 아이돌이었던 그녀, 7가지❗털어드림❗",2023-06-20,2023,6
고마스 GoMarS,,1QPaHfYuXEM,배그로 만든 마법소녀 이세계아이돌 OST Teaser,2023-06-20,2023,6
슈쥬,,1yEHgctavgs,이세계아이돌 고세구님 그리기 #shorts #가족그림 #그림쟁이 #이세계아이돌 #고세구,2023-06-20,2023,6
슈쥬,,zOWvuBXcFxM,이세계아이돌 주르르님 그리기 #shorts #그림쟁이 #가족그림 #이세계아이돌 #르르땅 #주르르,2023-06-19,2023,6
왁타버스 WAKTAVERSE,,zlg2qh93Ba8,이세계아이돌 X 카카오 이모티콘 발매!,2023-06-18,2023,6
아칸 <고세구 팬채널>,,bBoJkblWuwU,이세계아이돌-싸이퍼 고세구 랩 파트,2023-06-18,2023,6
의문의노래방빌런,,PUlYhBdRVk4,RE:WIND || 이세계아이돌,2023-06-17,2023,6
ᄋ니얼굴,,a4kXkbsYriY,이세계 아이돌 징버거,2023-06-17,2023,6
진이의 잡다한 흑역사 저장소,,biDprgpsjYg,이세계 아이돌 - Re:wind | recorder cover,2023-06-17,2023,6
유성,,EYaCuy9YB5o,귀여워서 미안해 주르르 직캠  #이세계아이돌,2023-06-17,2023,6
유성,,DZL8N7AnwDk,사이언티스트 주르르 직캠  #이세계아이돌,2023-06-17,2023,6
슈쥬,,dTcbAY7FNlM,이세계 아이돌 비챤님 그리기 #shorts #그림쟁이 #가족그림 #이세계아이돌 #비챤,2023-06-15,2023,6
왁타버스 WAKTAVERSE,,r5QNixZTNYU,LOCKDOWN Teaser - 마법소녀 이세계아이돌 OST,2023-06-14,2023,6
슈쥬,,Nlk3MU0FdTc,이세계아이돌 아이네 님 그리기 #shorts #그림쟁이 #가족그림,2023-06-13,2023,6
RE:WIND,,q_BH9SUkLaM,이세계 아이돌 커버 보컬 ❥･• 겨울봄(Winter Spring) | 멤버 모집 중 #커버보컬 #보컬 #커버,2023-06-11,2023,6
야나기상 | Yanagisan Youtube,,IZlMbRBmL4s,캐릭터 작업 타임랩스 | 이세계아이돌 주르르님,2023-06-11,2023,6
Gorgon KK,,s7JhGHQ9G0I,메카새봄 - RE:WIND(이세계 아이돌),2023-06-10,2023,6
로하 게임로그,,lY95bwloqlY,💗이 세계 아이돌 리와인드RE:WIND노래 가사 쓰기(출처:아카네ne.)✅️,2023-06-10,2023,6
OFFLINE,,2n5YsFxnBws,일반인 8명이서 이세계 아이돌 리와인드(Re:wind) 불러보았다! #cover #rewind #이세계아이돌,2023-06-10,2023,6
왁타버스 WAKTAVERSE,,vyylVK-Vvi4,이세계아이돌 3집 드디어 나오나..?,2023-06-08,2023,6
왁타버스 ZERO,,0KjhdsfZHmA,그 영상.. 반응 모음,2023-06-07,2023,6
미상,,lr_hT_EFlfs,[ 이세계아이돌 팬영상 ] - 버복대 릴파넴 #shorts 230604,2023-06-06,2023,6
키무라은원상,,bZHEGbsdd3U,이세계 아이돌 아이네 팬아트 #13년생 #이세계아이돌 #이세돌 #아이네 #short #shorts,2023-06-05,2023,6
Q-card,,-zRgPxZA4gM,이세계 아이돌(ISEGYE IDOL) - 리와인드(RE:WIND) |  커버 보컬 팀 🂽 Q-card,2023-06-03,2023,6
태어났더니 이파리였던 것에 대한 채널,,4dkROMBDmH8,내 눈에는 너밖에 안보여..✨ #이세계아이돌 #700 #박자편집 #캡컷 #킹아 #고세구 #이파리,2023-06-03,2023,6
코스프레가발ㅡ위그매냐^^,,J8wKNDW9JEw,#shorts #이세계아이돌 #주르르 #jururu #헤어피스 #보브컷 #포니테일 #c컬,2023-06-02,2023,6
왁타버스 WAKTAVERSE,,6z-ImTpUz48,마라탕이 맛없는 비챤 - 이세돌 핫클립,2023-06-01,2023,6
미인지,,VDOZhks2EE0,이유있는영상 | 이세계아이돌-겨울봄 팬메이드 뮤직비디오 강희 cut,2023-06-01,2023,6
하냔,,WY8OQ_lvJSI,【07년생이 부른】 ❄️ 겨울봄 (Winter Spring) - 이세계아이돌 (ISEGYE IDOL) Cover 🌸,2023-05-31,2023,5
삐꾸,,7dxu76RbGrs,[이세계아이돌]릴파 팬아트(feat. DREAM AGAIN),2023-05-30,2023,5
하냔,,jQoXJ6alxKY,【하냔】 ❄️ 겨울봄 (Winter Spring) - 이세계아이돌 (ISEGYE IDOL) Cover 🌸,2023-05-30,2023,5
강아지는 개과,,jGMREFTjAC4,이세계아이돌-리와인드 cover,2023-05-30,2023,5
이형환상검김수민,,1XRBDWR636g,"징버거,비챤 스피드페인팅 #shorts #이세계아이돌 #비챤 #징버거 #vtuber #speedpaint",2023-05-29,2023,5
데마링,,fzhm2pX9M7k,【Demaring】 이세계아이돌 (ISEGYE IDOL) - 리와인드 (RE:WIND) ˖◛⁺˖ 이세계아이돌 커버보컬팀 데마링,2023-05-28,2023,5
잼민이,,XTi4tKrYi-Q,이세계 아이돌 비챤 그리기,2023-05-27,2023,5
요하님_,,sQx0Lr6mKOA,이세계 아이돌 싸이퍼 ( PART. VIICHAN ) | 타이포그래피,2023-05-27,2023,5
리버스,,rUzwIdKuCXI,미쵸따~~이거 너무조아 ㅣ 겨울봄 - 이세계아이돌,2023-05-27,2023,5
주르르 JURURU,,MKDOUU3AJ0c,(몰카) 이세계아이돌에게 돈을 빌려보았다!!,2023-05-26,2023,5
애쉬베이 Ash Bay,,E6TLlw5QMGE,이세계아이돌 (ISEGYE IDOL) - 리와인드 (RE:WIND) (Ash Bay 커버),2023-05-26,2023,5
애쉬베이 Ash Bay,,Z18JsarfV_M,이세계아이돌 (ISEGYE IDOL) - 리와인드 (RE:WIND) (Ash Bay 커버),2023-05-26,2023,5
로코,,6B-nJLDg76c,[커버 보컬 로코] 이세계 아이돌(ISEGYE IDOL) - 리와인드(RE:WIND) COVER ｜ COVER VOCAL 1000 Days Anniversary 🩵,2023-05-25,2023,5
야니 YARNY,,AYp7noae0Nk,이세계아이돌 팬영상) UNION HEARTS (이세돌의 마음을 모아서)  (원제:원피스OST 夜明け前) #이세돌 #이세계아이돌 #팬영상 COVER 풀버전은댓글링크에  #shorts,2023-05-25,2023,5
뮤직아지트 : MUSIC AGIT,,_XY70--JSyI,아주~ 킹아‼ #이세계아이돌 #ISEGYEIDOL #리와인드 #REWIND #shorts,2023-05-25,2023,5
잼민이,,rlcRBD6oOBk,이세계 아이돌 비챤 키링 언박싱,2023-05-24,2023,5
왁타버스 WAKTAVERSE,,A3Fqk0LTHkE,이세돌 엄크모음,2023-05-23,2023,5
노래해요 동물의 숲,,2BuPPT2V8kU,이세계 아이돌 (ISEGYE IDOL) - RE : WIND | 세븐틴 커버 보컬 팀 노래해요! 동물의 숲 ﾟ･♪⁺,2023-05-23,2023,5
짱경서(경서💕),,I6wJGmq68YA,겨울봄 (feat.경서) - 이세계아이돌 | 가사포함 | 리믹스 💚 #경서 #이세계아이돌,2023-05-23,2023,5
늘우,,Z3z2BkVSqFU,이게 라이브로 가능해요? 버튜버가 부른 이세계아이돌 - 리와인드(RE:WIND),2023-05-22,2023,5
박초갈,,KST6BIWmsr8,이세계 아이돌 - RE : WIND — 키네틱 타이포그래피,2023-05-22,2023,5
소낙소낙,,Quzd45ZaffE,이세계 아이돌 - RE : WIND | 냐루,2023-05-21,2023,5
삐꾸,,4Zctq02Y5-I,[이세계아이돌]눈나구 팬아트 타임랩스,2023-05-20,2023,5
봉인 풀린 주르르,,eFQMQaaU1lg,아이돌[최애의 아이 OP] 이세돌과 같이보기,2023-05-19,2023,5
아크팩토리,,6K9YNm86Gz8,이세계 아이돌 &#39;릴파&#39; 반지갑 만들기 (#shorts),2023-05-19,2023,5
행자아Haengjaa,,rxDAFXUTgGs,RE:WIND - 이세계아이돌 (cover.행자아/의그녀),2023-05-18,2023,5
늘우,,IcI0421Syik,버튜버가 부른 버츄얼 아이돌 노래! 이세계아이돌 - 겨울봄❄️ #shorts,2023-05-17,2023,5
주르르 JURURU,,z6RSOiYOVuQ,[MV] 아이돌 (최애의 아이 OP)｜Cover by 주르르 (feat. 비챤),2023-05-17,2023,5
빅티(VICTY),,YVH-pWA3zS4,뉴 징버거 #shorts  #징버거 #타임랩스 #이세계아이돌,2023-05-17,2023,5
미상,,MI4hWA7oFdg,[ 이세계아이돌 팬영상 ] - 수녀 르르땅으로 Wak-ish #shorts 230513,2023-05-17,2023,5
우왁굳의 돚거,,0aDO7ZP5N0Y,이세계 아이돌 비방 회의 때 모습 사장이 직접 풉니다,2023-05-16,2023,5
우마이우타 うまいうた,,qI9pxZ4YQ6o,이세계아이돌 - 리와인드(Rewind) 커버,2023-05-12,2023,5
Li a,,Z_Fo5rC-fHQ,이세계 아이돌 [아이네] 스피드 페이팅,2023-05-11,2023,5
미상,,rAN85JFLFeo,[ 이세계아이돌 ] - 뚤기 조련사 아이네 #shorts 230509,2023-05-10,2023,5
율미리,,IPMtGAZq0LU,이세돌 그림🎨 #이세계아이돌 #손그림 #shorts,2023-05-09,2023,5
KGame / Kinkyu,,ueItzRHLhxo,이세계아이돌 - RE: WIND (KGame REMIX) #shorts,2023-05-09,2023,5
삐꾸,,AY0twvr3oZM,[이세계아이돌]주르르 팬아트 타임랩스(주미호),2023-05-08,2023,5
인싸초딩TV[K-POP_MUSICAL],,_B_kFSoOIa8,Re:Wind-이세계 아이돌(Cover by 경구중 나모쌤),2023-05-06,2023,5
인싸초딩TV[K-POP_MUSICAL],,R8bn9wcH5Lg,수학쌤이 부른 이세계 아이돌 Rewind,2023-05-06,2023,5
남구,,4LBvCwxbPTI,이세계 아이돌 남구 &quot;이세남&quot;,2023-05-05,2023,5
shoyu_kr,,FonT-J2-unI,이세계 아이돌(ISEGYE IDOL)  - 《 RE : WIND 》/ 기타 솔로,2023-05-03,2023,5
혜렁이,,JbRi-8wkNuo,따따 따라라라 따 (feat. 이세계 아이돌),2023-05-02,2023,5
한캐나,,HGbi_kyWP_g,우주에 간 헨타이즈 #이세계아이돌 #이세돌 #팬아트 #그림세돌,2023-05-01,2023,5
Shineway Drum,,7YlcsQN4Iwk,ISEGYEIDOL(이세계아이돌) - 싸이퍼(CYPER) 드럼 커버/Drum cover,2023-04-30,2023,4
여지환(2),,zMAo0bDtyVo,이세계아이돌  -  RE:WIND Solo Cover,2023-04-27,2023,4
리버스,,bUhG-HI2ZK0,처음이자 마지막 사랑 일테니깐💗 ㅣ RE:WIND - 이세계아이돌,2023-04-24,2023,4
삐꾸,,oTHa7qsFUAY,[이세계아이돌]뉴버거 팬아트 타임랩스,2023-04-23,2023,4
묭,,rV0SmS_Hxi0,겨울봄(Winter Spring) 이세계 아이돌 💗 묭 Cover,2023-04-22,2023,4
CG맨,,Af632kXcpJY,회사가 아닌 팬들이 만든 홍련화를 본 CG인 반응 #이세계아이돌 #이세돌 #고세구 #홍련화,2023-04-21,2023,4
유논 노래 아카이브,,8g0ddR9dn_A,유논)겨울봄 - 이세계아이돌,2023-04-19,2023,4
유논 노래 아카이브,,fMedab_Ir0U,유논)RE:WIND - 이세계아이돌,2023-04-19,2023,4
냠딩,,ApRQAWeHbqs,이세계아이돌 - 리와인드 (RE:WIND) 커버 현실ver #shorts,2023-04-13,2023,4
헤헤:D_hehecos,,g8SM3_2AYAw,이세계아이돌_비챤 cos 하고 서디페 다녀왔습니다 :D,2023-04-09,2023,4
Rabbinyang[레비냥],,J6ltHoVR86I,이세계 아이돌(ISEGYE IDOL)-겨울봄 (Winter Spring) cover song{레비냥},2023-04-08,2023,4
미상,,0bf18D-uYvA,[ 이세계아이돌 ] - 타상연화 릴파넴 #shorts 230405,2023-04-06,2023,4
야나기상 | Yanagisan Youtube,,SRQlm1g0Yto,캐릭터 작업 타임랩스 | 이세계아이돌 주르르님,2023-04-02,2023,4
단종했다네,,7ygHPEd5xg8,NUGU백과 테스트!!! #이세계아이돌,2023-03-31,2023,3
비챤의 나랑놀아,,VVqHHl1fpQ4,[속보] 이세계 아이돌 비챤...,2023-03-28,2023,3
ささやき,,hkIm6-FAGUY,이파리 4명이서 이세계 아이돌 - RE:WIND를 부른다면?,2023-03-28,2023,3
왁타버스 WAKTAVERSE,,pDzR-0_zwXk,RUSUK (해루석) - 잠깐나올래 MV,2023-03-27,2023,3
앵콤한 기집뇬,,v7My4vFalmE,이세계아이돌 고세구님 그리기 💙 킹아 ~,2023-03-27,2023,3
[starlight]-별빛나날,,2nd_ncTGCsM,리와인드 포인트 연주#이세계아이돌,2023-03-26,2023,3
[starlight]-별빛나날,,AVGR8K5m4s8,이세계 아이돌 - [RE : WIND] 짧은 basscover,2023-03-26,2023,3
워니,,M9iOJCs567c,[워니] 이세계아이돌 - 겨울봄 (Winter Spring).남자Cover,2023-03-24,2023,3
스노우,,j-soTBuNm54,이세계 아이돌 주르르님 팬아트 #11년생 #그림쟁이 #스피드페인팅 #주르르,2023-03-24,2023,3
이세계,,264GJJamL1E,이세계아이돌 막내 비챤,2023-03-21,2023,3
이나,,GOTHZi8f408,【DANCE】이세계아이돌 (ISEGYE IDOL) - 리와인드 (RE:WIND) 춤춰보았다,2023-03-21,2023,3
우왁굳의 돚거,,rlCeb-xdAwY,이세계 아이돌 가래떡 CF (우왁굳 반응),2023-03-19,2023,3
ERY STUDIO,,fq07mNNp5l0,이세계아이돌(ISEGYE IDOL) - But You Want More [인이어 간접체험 (In-ear indirect experience)],2023-03-18,2023,3
야나기상 | Yanagisan Youtube,,eAZBoeME1Nc,캐릭터 작업 타임랩스 | 이세계아이돌 주르르님,2023-03-17,2023,3
ERY STUDIO,,WlRFfIJR3aM,[8DAudio] 방구석 콘서트 간접 체험 - [ 이세계아이돌(ISEGYE IDOL) - But You Want More ],2023-03-17,2023,3
해 민,,c5Bx9WwZ-Jo,【해민】 겨울봄 - 이세계 아이돌 (cover),2023-03-14,2023,3
Feel그림 [필그림],,ky6aLJ4XNEI,앗! 야생의 비챤이 나타났다! #Shorts #비챤 #이세계아이돌 #이세돌,2023-03-13,2023,3
정방원,,6leQwviX2f0,이세계아이돌 수녀,2023-03-12,2023,3
고라니,,ZJ24qilHaRc,이세계아이돌 비챤님과 릴파님을 합치면 어떤모습일까??,2023-03-11,2023,3
이세계,,XSX6Q7N9FOU,르르땅 이세계아이돌 주르르에 대하여,2023-03-11,2023,3
그냥 만드는 재생목록,,tkXLO2IfgEU,[데우스]이세계 아이돌 - RE WIND [230310 합방],2023-03-10,2023,3
고앵희,,COEo87lilTE,이세계 아이돌 리마인드 안무 거울모드 #이세계아이돌 #리와인드 #이세돌,2023-03-10,2023,3
J HO,,YINpE2Awb_c,[JHo] 이세계 아이돌 - 겨울봄 (male ver.) cover by jho 제이호,2023-03-10,2023,3
이세계,,GBfQtHs4dQA,700 700 이세계아이돌 릴파에 대하여,2023-03-10,2023,3
GongJuZ,,TDMlJC7kuK8,[🩰GongJuZ] 이세계아이돌 (ISEGYE IDOL) - 겨울봄 (Winter Spring) COVER,2023-03-08,2023,3
엽엽,,TSZS8tpoSiI,이세계아이돌 - 겨울봄 (F.M/V) (A short fan music video.) 킹아~,2023-03-07,2023,3
Gretel 그레텔,,Tka-iBapLqI,이세돌 겨울봄 l 이세계아이돌 겨울봄 안무창작,2023-03-06,2023,3
곰발바닥섬,,QZN_-YG3zbc,이세계아이돌의 RE:WIND 유씨씨입니다 우해해^^,2023-03-05,2023,3
곰발바닥섬,,De25ATE-6zU,이세계아이돌 고세구님이부른 팬서비스 ucc임니댯 킹아!_! #shorts,2023-03-05,2023,3
WE CALL US BIGBANG,,cYUB4SKZFFU,[한양대학교 BIGBANG]  이세계 아이돌 - RE : WIND (무대 ver),2023-03-05,2023,3
이로 iR0,,RsOPoyUo8lU,이세계아이돌 제 7의 멤버이무니다 #서코 #히키퀸,2023-03-04,2023,3
Feel그림 [필그림],,5B_q_vGSE4E,앗! 릴파가... 어 나비다 #Shorts #릴파 #이세계아이돌 #우왁굳,2023-03-03,2023,3
JUMP-ON,,5UlHbiY4qUc,이세계 아이돌 - 겨울봄 | 커버 보컬 팀 JUMP ON!,2023-03-02,2023,3
리온Leon,,HF87GGRdYwk,[리온] 이세계아이돌┃RE:WIND - covered by leon,2023-03-01,2023,3
따끈한 식빵,,yxUCHXFGLbg,"[달타, 시로코] RE : WIND(리와인드) - 이세계 아이돌 (COVER)",2023-03-01,2023,3
칸타빗,,YfBiaQ8Wj9I,이세계아이돌 (ISEGYE IDOL) - 리와인드 (RE:WIND) M(inecraft)V (un)Official,2023-03-01,2023,3
HIYO,,9lacvt6rgcI,[COVER] 이세계아이돌 - RE : WIND,2023-02-28,2023,2
미상,,gilm_mGoOk0,[ 이세계아이돌] - 솔다토 비챤 #shorts 230227,2023-02-28,2023,2
SUI Sensei / 스이센세,,5zjVFA0tCAY,[WJMAX] 이세계아이돌 - RE:WIND [WAKGOOD] 100% 리카게,2023-02-27,2023,2
릴파 lilpa,,Bc_9ebjuWtc,선생님 코 닦아주세요~ 선생님 몇살이에요? 선생님 모쏠이에요? 선생님 울어요?,2023-02-26,2023,2
랴링,,ROMBNkcqbFw,(Cover.랴링) 이세계 아이돌 - 겨울봄,2023-02-25,2023,2
화이트키 WhiteKey ,,2r4kYQcnUTA,For 이세계 아이돌 - 여름밤 Composed by WhiteKey,2023-02-25,2023,2
난변덕,,L-P9MPzgnEM,#이세계아이돌 #아이네 #팬아트 학생이라네 #shorts,2023-02-24,2023,2
뿌요의 그림 공방,,ewmqSp3C18s,이세계 아이돌 아이네&amp;비챤  맏내막내 팬아트,2023-02-24,2023,2
가루별,,Prk7TshBV6c,『가루별』 겨울봄 ; Winter Spring - 이세계 아이돌(ISEGYE IDOL) | cover,2023-02-24,2023,2
새싹🌱,,HKbVKGxkApM,이세계아이돌 징버거 구관인형이 만들어지는 과정 #징버거,2023-02-23,2023,2
우왁굳의 돚거,,LS3SVY7nHk4,고세구 홍련화 - 우왁굳 반응,2023-02-23,2023,2
소나선생YouTube,,Y_DOo9CEMwQ,#shorts #이세돌 #이세계아이돌 #팬서비스,2023-02-22,2023,2
고세구 GOSEGU,,uG91iq0AzKM,[MV] 귀멸의 칼날OP - 홍련화(紅蓮華) ｜Cover by 고세구,2023-02-22,2023,2
왁타버스 WAKTAVERSE,,LVvCQU0GqvQ,이세돌 끼리 서로 순위매기는 컨텐츠,2023-02-22,2023,2
글로리아엘Gloria L.,,SK8BNz_4Y4w,이세계 아이돌 (ISEGYE IDOL) - RE:WIND (리와인드) 피아노│악보 (Sheet),2023-02-22,2023,2
리뷰왕병호몬,,Zdw9zcKIGec,이세계 아이돌 [리와인드] - 지옥맛과 천국맛,2023-02-22,2023,2
룬🧸roon RE:WIND,,J299mp7d8WY,이세계아이돌 단체커버곡 조회수 순위,2023-02-21,2023,2
미상,,HbleCh5aGCc,[ 이세계아이돌 ] - 솔다토 고세구 #shorts 230219,2023-02-20,2023,2
유자피치그린티,,lEG1w_eU-4k,[팬영상] 이세계 아이돌 귀여운버전!,2023-02-19,2023,2
깐찡,,gxfGymBwBaU,[나홀로 믹싱&amp;녹음] 이세계 아이돌 - RE:WIND | Cover by Joker 기타,2023-02-18,2023,2
한봉,,ehHPMAf6Um0,RE : WIND - 이세계아이돌 노래방 커버(cover by 한봉),2023-02-18,2023,2
봄이녕,,BEt6IhdWFiQ,【봄이녕】 겨울봄 (Winter Spring) - 이세계아이돌 (ISEGYE IDOL) ❄️ Cover,2023-02-16,2023,2
이제이든 EJden,,M8ajd6td6uw,겨울봄 (Winter Spring) - 이세계아이돌 (ISEGYE IDOL) | 원신 하프 커버,2023-02-15,2023,2
미상,,B_uG7LCRnEY,[ 이세계아이돌] - 카포레짐 릴파 #shorts 230213,2023-02-14,2023,2
예비니이,,5OF8mbnr1jA,겨울봄 - 이세계아이돌 [COVER.예비니이],2023-02-12,2023,2
에플키위,,BkXcPrdSLBk,【Collaboration】 이세계아이돌(이세돌) - 리와인드 (RE:WIND) 6인 COVER,2023-02-11,2023,2
그림멍청,,VwzI3HsziUI,10년생이 그린 이세계아이돌 고세구 반전그림,2023-02-11,2023,2
RojoArt,,T2RJvIcb8bk,징버거 팬아트 #이세돌 #징버거 #이세계아이돌 #우왁굳 #일러스트,2023-02-10,2023,2
Team.가성비,,4D73LENH3YU,【 Team.가성비 】 - 이세계아이돌 /겨울봄 (Winter Spring) cover,2023-02-10,2023,2
비챤 VIichan,,qXTHabqtPRM,어둠의 빵떡자매,2023-02-08,2023,2
왁타버스 WAKTAVERSE,,Iu5jZLGpCIo,이세계아이돌 마법소녀 웹툰 캐릭터 디자인 공개 및 1화 공개,2023-02-07,2023,2
랴니𝑅𝑎𝑛𝑖,,yeL--nZDArg,이세계아이돌 RE:WIND 애니메이션💜 #shorts #이세돌 #이세계아이돌 #리와인드,2023-02-07,2023,2
왁타버스 WAKTAVERSE,,7HyTAykQmeU,이세계아이돌 카카오웹툰 1화 콘티 선공개 (학원물),2023-02-06,2023,2
아소 あそ,,mjkVc5874Yc,소속 아이돌 기강잡는 사장님 #이세돌 #이세계아이돌 #우왁굳 #코스프레,2023-02-06,2023,2
케빈 kevin,,ChW-4Ka9ZSw,[이세계아이돌/징버거] 징스테이 #이세계아이돌 #징버거 #shorts,2023-02-05,2023,2
하이린,,CQKEOmJ7D90,이세계아이돌-리와인드 (RE:WIND) 피아노 커버 piano cover,2023-02-04,2023,2
인지,,pyJxO-jvIzA,이세계아이돌 카카오 웹툰 애니화 [ISEGYEIDOL] FAN ANIMATION,2023-02-02,2023,2
RojoArt,,-_bMQkijWqk,릴파팬아트 #timelapes #drawing #이세돌 #이세계아이돌 #릴파 #lilpa,2023-01-31,2023,1
함모송,,A-JHVbL6Vkg,[이세계 아이돌] 징버거,2023-01-31,2023,1
레제누프,,eMHgv5i2QDo,[하프악보] 이세계아이돌 - 리와인드(ISEGYE IDOL - RE:WIND) remake,2023-01-30,2023,1
RojoArt,,WOodT-TxMIA,주르르팬아트💕 #이세돌  #주르르 #이세계아이돌,2023-01-30,2023,1
귀차니즘,,OS42cEO4DRc,이세계아이돌 주르르 그려봄,2023-01-28,2023,1
새싹🌱,,_3PoTi8AQYQ,이세계 아이돌 아이네 그리기!(feat.프리즈마,2023-01-28,2023,1
함모송,,4FqCoLObQSw,[이세계 아이돌] 아이네,2023-01-28,2023,1
키치 노래 아카이브_에르,,lIHDfN_mY34,겨울봄 / 이세계 아이돌 [키치] cover,2023-01-27,2023,1
Drawing,,Bs5_HzXEkTE,이세계 아이돌 징버거를 그려봤다,2023-01-26,2023,1
징비Jingbi,,plpkp_X2BaE,(이세계아이돌)비챤(님) 포카포장하기!#컨셉#자작#포장#포토카드#비챤#이세돌,2023-01-26,2023,1
RE:WIND,,pH2bn0Grtfo,이세계 아이돌 REWIND 커버 보컬 ❥･• 멤버 모집 완료,2023-01-26,2023,1
먹기 위해 운동하는 제이 : 먹동제이,,EPeegRhJ5i8,(EP.08) 이세계아이돌에 미친자 #폴댄스 #운동 #쇼츠 #shorts,2023-01-25,2023,1
Drawing,,Kr8XbucWq5E,이세계 아이돌 아이네를 그려봤다,2023-01-25,2023,1
roycl,,_9z9nX7N-ZE,이세계아이돌 - 「REWIND」 짧게 커버,2023-01-24,2023,1
ささやき,,1oy4MQr4Y50,『SASAYAKI』 이세계아이돌 (ISEGYE IDOL) - 리와인드 (RE:WIND) cover / 불러보았다,2023-01-23,2023,1
DaranPiano 다란피아노,,ZvyybdWEuQw,리와인드 (RE:WIND) - 이세계아이돌(ISEGYE IDOL) [Pianocover] | 악보 |,2023-01-23,2023,1
빈 해,,iSqiyjogbE0,이세계아이돌- RE : WIND Cover,2023-01-21,2023,1
苺奈いちご ichinaichigo,,Uq_-9VTQJ1w,【歌ってみた】겨울봄 (Winter Spring) - 이세계아이돌 (ISEGYE IDOL) cover,2023-01-21,2023,1
규리Gyuli,,qBQo3JICKro,#이세계아이돌 #고세구님#스피드페인팅,2023-01-21,2023,1
징버거 JINGBURGER,,tT-kuonVzfY,[MV] STAYㅣ 징버거 COVER,2023-01-20,2023,1
UNICA,,uzvlzkGmT8Q,일반인 여덟 명이 이세계 아이돌 리와인드를 부른다면?,2023-01-20,2023,1
기타윤,,ovrXhu_R_Ew,이세계 아이돌 - RE:WIND,2023-01-20,2023,1
Neflare,,fFWcVBsvVQ0,2 types of Isegye Idols Fans 이세계아이돌 ISEGYEIDOL,2023-01-19,2023,1
리윈REWIN,,MSav252pAhk,「RE:WIND」 - Valorant Montage [이세계 아이돌],2023-01-18,2023,1
Neflare,,VtSbP_gTqv0,Me listening to my Unorganized Isegye Idol playlist 이세계아이돌 ISEGYE IDOL,2023-01-17,2023,1
Pinks Kim,,M7OD7x69IQQ,[WJMAX] 이세계아이돌 - RE:WIND 리카게,2023-01-16,2023,1
젠국의 스케치북,,QXXt_56jOP8,이세계아이돌 비챤 그리기,2023-01-16,2023,1
왁타버스 WAKTAVERSE,,zlqegCc4Hvc,이세계아이돌 빵떡버전 #Shorts,2023-01-15,2023,1
E:zi,,nFbsDH8weGI,˚✧₊⁎ 겨울봄 [Winter Spring] _ 이세계아이돌 Cover by E:zi,2023-01-15,2023,1
엥간,,E3_WmcPMvZw,[엥간]이세계아이돌-겨울봄,2023-01-15,2023,1
이루_iru,,irVchhR4NLM,⌁❤︎⌁meme|이세계아이돌_lilpa x ine_[이루_iru],2023-01-13,2023,1
서나래,,r6_--Wyo0k0,🎤But you want more - ISEGYE IDOL (이세계아이돌) / Cover. 서나래,2023-01-12,2023,1
심포SimPo,,KSG-YOZHLKQ,【 심포 X 루시아 】이세계아이돌 (ISEGYE IDOL) - 겨울봄 (Winter Spring) Cover,2023-01-08,2023,1
유빈,,6FjnTE3sM4o,【 유빈 】 겨울봄 - 이세계 아이돌  / cover. / Happy birthday me !! 🎉🎉,2023-01-07,2023,1
리샨느'Leshanne',,3ueHY9iCzyI,RE:WIND &#39;이세계아이돌(ISEGYE IDOL)&#39; - Genshin Lyre Cover,2023-01-06,2023,1
헤이데이 Heyday,,_4Fl7tNk4e0,"보컬전공 걸그룹 출신도 충격받는 이세계아이돌 발라드 클라스 ㄷㄷ (겨울봄, BTS 전하지 못한 진심 리액션)",2023-01-05,2023,1
열방아카데미 All Nations Academy,,cJgbxVICgDg,열방아카데미 | 이세계아이돌 “Re:wind” 중등 음악수업 뮤직비디오,2023-01-03,2023,1
수상한 콜라보,,KT5yzdtwCDs,겨울봄(이세계아이돌) 수상한 콜라보ver cover (feat. Vocaloid IA),2023-01-01,2023,1
오타쿠리,,wSo78BadYR0,해피뉴이열^~^ #이세계아이돌 #주르르 #cosplay,2023-01-01,2023,1
포뮤,,a9YAMcDkSz4,[2022 연말공모전] 이세계 아이돌_어나더: 워 3 &#39;라스트 리와인드&#39;,2022-12-31,2022,12
캇찡 katzzing,,rr8b4wkbuIY,#shorts #이세계아이돌 주르르 3D 만들기(with Blender),2022-12-31,2022,12
김코디,,s2U6muDmiyQ,이세계 아이돌 - 겨울 봄 (Winter Spring) Male Cover.,2022-12-31,2022,12
리코더 부는 불심치,,AyUrn3eiJAA,[불심치] 이세계아이돌 (ISEGYE IDOL) - 겨울봄 (Winter Spring) Recorder cover,2022-12-28,2022,12
Chamonix17,,hf8mC1fpNn4,[반응영상 추가] 이세계아이돌 (ISEGYE IDOL) - 겨울봄 Band remake,2022-12-27,2022,12
Project Ensemble,,a271qzz2AQ8,[마비노기 합주]12. 이세계 아이돌 - 겨울봄 [코더 : LT 여우씨야][221225 Winter Fantasia],2022-12-25,2022,12
리샤 LIXIA,,DC89CjdCQtc,[Cover] 이세계아이돌(ISEGYE IDOL) - 겨울봄(Winter Spring) ㅣ Cover by LIXIA,2022-12-24,2022,12
스트로크욱 (Strokewook),,nE-tGnPhZjA,🥁 이세계아이돌 - RE:WIND 드럼커버 레슨,2022-12-23,2022,12
CARD,,km7zySyJ2EI,&#39;이세계 아이돌 - ISEGYE IDOL CYPHER&#39; COVER,2022-12-22,2022,12
Soda Cover Channel,,VIj2zQ3JUsw,RE : WIND | Cover by Soda | 이세계 아이돌 (ISEGYE IDOL),2022-12-21,2022,12
startice,,iZNiYn-zHdg,이세계 아이돌 데뷔 1주년 기념 영상 - [별의 밤] FMV,2022-12-19,2022,12
JY Guitar,,-x7uI1OVOyw,이세계아이돌 (ISEGYE IDOL) - 리와인드 (RE:WIND) / 기타 솔로,2022-12-19,2022,12
피칠갑,,L8o8opfC1PU,[이세계 아이돌] 고세구 콘서트 팬아트,2022-12-19,2022,12
해삐 Habbi,,GChqZ69TaQI,이세계아이돌 (ISEGYE IDOL) &#39;리와인드 (RE:WIND)&#39; | VOCAL COVER,2022-12-17,2022,12
V-동아크루 Official,,uQUEBSwlGMU,겨울봄(이세계 아이돌) 커버 [V-DongACrew],2022-12-18,2022,12
다일,,KPzzjnHylow,[ Letter ] 이세계 아이돌 데뷔 1주년 축하영상,2022-12-17,2022,12
도비비 DovIvI,,-cex9DlgAhM,RE:WIND - 이세계 아이돌(ISEGYE IDOL) | DovIvI Cover,2022-12-17,2022,12
XVII,,DN4wfuBQxPY,이세계아이돌 - RE:WIND (Cover by XVII),2022-12-16,2022,12
E0E,,Fpb4JwIEN0Y,이세계 아이돌 비챤 팬아트 speed painting,2022-12-13,2022,12
고단씨 Godanssi,,HaO8JTBydZA,이세계 아이돌 공모전 탈락곡 - PLAY! (Song by U32),2022-12-13,2022,12
이파리,,LmiZDiOsFVA,이세계아이돌 인별,2022-12-07,2022,12
이훈상,,VdeTfSbFn0s,이세계 아이돌 TMI 10가지 2,2022-12-04,2022,12
霧雨는개,,QP-paZ7MDpg,"이세계 아이돌 - 겨울봄. 【코산, 霧雨】. cover.",2022-11-30,2022,11
츄라희,,3-_L49gBff0,이세계아이돌 - 겨울봄 ㅣ cover by 츄라희,2022-11-30,2022,11
Team. Caffeine,,LM5D4XKhoE0,【Team. Caffeine】 이세계아이돌 - RE:WIND (cover),2022-11-29,2022,11
포브마,,KvapqaM-zzg,이세계 아이돌-리와인드 역재생,2022-11-27,2022,11
젠국의 스케치북,,qkltRAc7JLs,이세계아이돌 아이네 그리기 #shorts,2022-11-26,2022,11
뮤즈가희 Muse Gahee,,traX1q4D0i8,🌤️ 이세계아이돌 - RE:WIND ☁️ 혼성 커버 【Collaboration】,2022-11-26,2022,11
엘로리실용음악학원 ,,fhZsEVN5t0w,[엘로리실용음악학원] 이세계 아이돌(Isegye Idol) - RE:WIND | 베이스 커버 #대전베이스학원 #대전 실용음악학원 #대전기타학원,2022-11-24,2022,11
영시 • Young Seniors,,hF0fKj1TC8A,“버츄얼 아이돌..?” 어르신들이 본 이세계 아이돌,2022-11-23,2022,11
웨르카 エルカ,,B9BzLG2JbFY,리와인드 비챠니 ! 💚 #이세돌 #이세계아이돌 #비챤 #코스프레,2022-11-20,2022,11
은또롱,,xPiM0Ge0-Rg,이세계 아이돌 아이네 불법 피규어 만들기,2022-11-18,2022,11
은또롱,,ragWAxddC5I,[이세계 아이돌] 이세돌 징버거 피규어 만들기 / [Isegye idol] Making Jingburger figures,2022-11-17,2022,11
하마형,,TUvoPDyXnqY,이세계 아이돌 주르르 토템 #shorts,2022-11-17,2022,11
빗도,,gKurn2gAH3c,이세계아이돌 - RE:WIND [비트세이버],2022-11-16,2022,11
젠국의 스케치북,,SLJb_D36KlY,이세계아이돌 징버거 그리기 #shorts,2022-11-10,2022,11
클립라이트,,kl9kgs3zGTU,(광고)와! 이세계아이돌 6인 합방! 와! 세돌워치2,2022-11-08,2022,11
통통코 노래방 TongtongCono,,B3_bI1YAF7M,[VOCAL] 이세계아이돌 (ISEGYE IDOL) - 리와인드 (RE:WIND),2022-11-04,2022,11
소현케이크,,8oadmTKNyn8,#이세계아이돌 #아이네 #shorts #레터링케이크 아이네님을 케이크로 만들어보았다!,2022-11-03,2022,11
후니버스 Huniverse,,c0w4mlMqQIM,이세계아이돌 아이네 팬아트 #shorts,2022-10-30,2022,10
Recci_레시,,YxzgKTG4oW4,[이세돌] 이세계아이돌 &quot;6인&quot; 인어디블 리믹스 Inaudible Remix,2022-10-29,2022,10
피칠갑,,GSldIUKOtu4,이세계 아이돌 - 비챤 스피드 페인팅,2022-10-29,2022,10
피칠갑,,R6Xke9jWxa8,이세계 아이돌 - 주르르 스피드 페인팅,2022-10-29,2022,10
"Jake ""O"" Lantern",,pxqRWm98hjM,"(Music Box cover) 「이세계 아이돌(이세돌) - RE:WIND, ISECYE IDOL」 오르골 커버연주",2022-10-29,2022,10
Ze,,I9QzHpHXjm8,【 샤세돌 】 RE : WIND - 이세계아이돌(ISEGYE IDOL)  |  cover,2022-10-22,2022,10
하마형,,p7FBNgcRlAY,이세계 아이돌 징버거 토템 #shorts,2022-10-21,2022,10
하마형,,-8p5hJs_P9I,이세계 아이돌 비챤 토템 #shorts,2022-10-18,2022,10
오픈타운,,Jea--l_RF8M,[#오픈타운] 에이빈의 &#39;RE:WIND (이세계아이돌)&#39;| 아바타가수 | 221014,2022-10-14,2022,10
에스프레소,,iFckatRl3hw,[NoSk!Ban] 이세계아이돌 300일 기념관 BGM (이세계아이돌 피아노 메들리),2022-10-12,2022,10
테아,,4DtuY3j2gUw,이세계 아이돌 SD 타임랩스,2022-10-11,2022,10
Ze,,Gtzd0ougjTI,【 Teaser 】RE : WIND - 이세계아이돌  |  cover,2022-10-02,2022,10
이종범의 웹툰스쿨,,il9_GNHYxh0,이세계 아이돌 웹툰으로 연재된다,2022-09-28,2022,9
왁타버스 WAKTAVERSE,,K8WC6uWyC9I,"그냥 살아! - (뢴트게늄, 김치만두번영택사스가, 부정형인간)(ft.비챤) - 고멤가요제 김피탕앤짬뽕",2022-09-17,2022,9
왁타버스 WAKTAVERSE,,l8e1Byk1Dx0,"TRUE LOVER (트루러버) - (해루석, 히키킹, 권민)(ft.행주) - 고멤가요제 이세계오빠들",2022-09-17,2022,9
MI_미,,qRvSAQGjA-4,정시파이터의 냅다 지르는 이세계아이돌 리와인드 (RE:WIND) 폰 Cover,2022-09-09,2022,9
박다혜dahye🇰🇷,,1w2rF4PytsI,💜듣기는 좋은데 부르기는 어려운 노래 1등ㅋㅋ ㅠ,2022-09-07,2022,9
영상주작가,,VESeRmoXYXc,이세계아이돌 x 아이브 LOVE DIVE (러브 다이브) 비교 영상,2022-09-06,2022,9
밍무MiM,,CfoYJ6WD4U0,이세계아이돌 (ISEGYE IDOL) - 리와인드 (RE:WIND) Dance Cover💚,2022-09-05,2022,9
왁타버스 WAKTAVERSE,,Brf3LWwNVTk,LOVE DIVE 이세계아이돌 COVER - [IVE(아이브) - 러브다이브] (isegye idol),2022-09-05,2022,9
지휘통제실,,KzPXyKsOx_A,우마무스메 - 우마뾰이 전설 COVER  ( 이세계 아이돌 x 우왁굳 x 고멤) - 왁타뾰이,2022-09-04,2022,9
너드놈 NerdNom,,iNziPgYEtCU,[우마뾰이 전설] - 이세계 아이돌 Ver (Drum Cover),2022-09-04,2022,9
Meringue,,HpT2tusx_Po,이세계아이돌 (ISEGYE IDOL) - 우마뾰이 전설(うまぴょい伝説) Guitar cover,2022-09-01,2022,9
왁타버스 WAKTAVERSE,,21trg6DfzX8,풍선 (이세계아이돌 COVER) + 1주년 감사인사!,2022-08-28,2022,8
왁타버스 WAKTAVERSE,,SZ0c8VeGBxY,이세계아이돌의 1년 - 1주년 기념영상,2022-08-27,2022,8
그래핑,,QUg7e8ttln4,그래프로 알아보는 이세계 아이돌 평청자 변화,2022-08-26,2022,8
유리ゆり,,O_fboVfWQno,이세계 아이돌 (ISEGYE IDOL) 리와인드 RE:WIND 춤춰보았다.,2022-08-26,2022,8
센 千,,ryMTmSmRYOY,17人 DANCE 이세계아이돌 (ISEGYE IDOL) - 리와인드 (RE:WIND) DANCE COVER,2022-08-26,2022,8
정승민 (Jsfor_Min),,hzYF5besoz0,[이세돌 1주년 기념 영상] 이세계 아이돌 1주년 From Rewind MV,2022-08-26,2022,8
천가지 GAJI,,85z0r9k7Eck,[GAJI] 이세계 아이돌 - RE : WIND 춤춰보았다 !,2022-08-23,2022,8
왁타버스 WAKTAVERSE,,TYB9ScXvq34,우마무스메 - 우마뾰이 전설 COVER by 이세계 아이돌 [ウマ娘 -うまぴょい伝説],2022-08-22,2022,8
NieR:Neckle,,GkN0X7IA0qM,이세계 아이돌 우마뾰이 무대영상 !,2022-08-22,2022,8
뢴트게늄원픽,,LmlNaS22q_s,"겨울봄 (Winter Spring) 남자커버 - 반응 ( 우왁굳 , 징버거 , 주르르 , 릴파 , 비챤 )",2022-08-22,2022,8
이츠미,,Y5ancmAtcjw,『 08년생 Cover 』 ❄겨울봄❄ (이세계아이돌)💙,2022-08-21,2022,8
Xepien,,W66CDSKebtY,【이세돌 반응】이세계 아이돌 1주년 기념 영상 소녀와 마법의 공간 비챤님 반응,2022-08-19,2022,8
JOB+교양,,_qLawGePjhI,이 세계 아이돌 뒤에는 유니티가 있다? #shorts,2022-08-19,2022,8
LIKEY Originals,,pAf2RQEFucU,#이세계아이돌 #리와인드 Challenge✨ #클락 #서영 #비스크돌 #喜多川海夢,2022-08-16,2022,8
루엘-RUEL,,cW7y_KjKZVg,이세계아이돌- 리와인드 (RE:WIND)  Cover #이세돌 #리와인드 #메타버스,2022-08-16,2022,8
BinBinBin,,ThkqpQZPZvI,이세계아이돌 (ISEGYE IDOL) - 리와인드 (RE:WIND) (Color Coded Lyrics Han/Rom/Eng/가사),2022-08-16,2022,8
겟EAT쿠키! | 겟잇쿠키,,39KX1azWJ3c,아나운서가 이세계 아이돌을 보고 느낀 반응은? | 이세계 아이돌 - RE :WIND 뮤직비디오 리액션,2022-08-13,2022,8
리듬싸개,,urQ9Sdtm4wY,이세계 아이돌 - RE : WIND Jazz Quartette Ver.,2022-08-06,2022,8
싸톡 science dtalks,,rX1v0Hjr7jg,국내 최초 버추얼 걸그룹 이세계아이돌 ㄷㄷ #shorts,2022-08-05,2022,8
하니쁜,,6ZYyuhoTI0k,이세계아이돌 - 겨울봄 Covered by 하니쁜,2022-08-05,2022,8
겟EAT쿠키! | 겟잇쿠키,,7y472GZINM8,이세계 아이돌 - 겨울봄 COVER | 선유도 피아노 버스킹 | Isegye Idol - Winter Spring | イセゲアイドル | 백선혜 아나운서 | 220702,2022-07-30,2022,7
스비드럼,,qAwsQZWV1Hc,[스비드럼] RE:WIND | 이세계아이돌 | K-pop | 블루노트파트너스 @b.note_studio,2022-07-23,2022,7
용범준 Beomjun Yong,,v18DH4IDWlU,RE:WIND 리와인드 이세계아이돌 기타솔로 강화하기,2022-07-15,2022,7
Gaon Official Channel,,Q-DHY6q3KP0,【Gaon】 이세계아이돌 (ISEGYE IDOL) - 겨울봄 [COVER],2022-07-15,2022,7
기기 KiKi,,mDywTxmv9N0,드리밍💖이세계^^ 땃 따 따라라 랏 따  |#SHORTS#이세계아이돌#리와인드,2022-07-12,2022,7
석키너의 덕질상자,,kaH9jTVupeQ,이세계아이돌-겨울봄 4K MV(unofficial),2022-07-12,2022,7
이유있는극장,,te5rNAG99bs,7.5화 이세계아이돌 (ISEGYE IDOL) - 겨울봄 (Winter Spring) MV Teaser FAN MADE,2022-07-11,2022,7
퍼브,,0nfZirzgSow,Ahoy!! 우리는 호쇼해적단☆ 【주르르 | 이세계아이돌 COVER】,2022-07-11,2022,7
기기 KiKi,,tb3PiOobUvo,이세계아이돌 (ISEGYE IDOL) - 리와인드 (RE:WIND)｜KiKi  춤춰보았다,2022-07-09,2022,7
왁타버스 WAKTAVERSE,,pl38om066m0,BTS - 전하지 못한 진심 (이세계아이돌 x 해루석 COVER) [The Truth Untold],2022-07-02,2022,7
이유있는극장,,FLWiDQfOepA,7화 이세계아이돌 (ISEGYE IDOL) - 겨울봄 (Winter Spring) 실사 MV 촬영장 스케치 / FAN MADE,2022-06-30,2022,6
SouthWIND,,F_yBMZdqMDg,🎬 비트를 잘라보았다 *046 #이세돌 #이세계아이돌 #REWIND #RhythmGameMusic #BeatSaber #shorts #짧은동영상,2022-06-30,2022,6
국내산삼겹살나룽TV,,aBHeH5c5p_E,Genshin FMV[RE:WIND](이세계 아이돌),2022-06-24,2022,6
럭몽,,bAwoqOon6B4,이세계 아이돌 비챤님을 위한 마크 팬아트,2022-06-16,2022,6
이유로,,v59ei5Wyt64,이세계 아이돌 - RE:WIND,2022-06-13,2022,6
왁타버스 WAKTAVERSE,,xQfDxEkCiKI,가짜 아이네 #Shorts,2022-06-12,2022,6
제로미,,AHtuE-XnnCs,이세계아이돌 애니메이션 &quot;우리의 꿈&quot;,2022-06-12,2022,6
YOON SEOP,,fuswh4OxpxM,이세계아이돌(ISEGYE IDOL) - 리와인드(RE:WIND) I 키네틱 타이포그래피,2022-06-12,2022,6
김치만두번영택사스가,,A6YJSG4RBFw,이세계아이돌 주르르 생일 기념 3D 피규어 프로젝트,2022-06-09,2022,6
잠마 JAMMA Ch,,zscOVZtgSqg,🎵 ISEGYE IDOL Playlist - 이세계 아이돌 입덕분들을 위한 이세돌 6인 노래 모음집 🎵,2022-06-06,2022,6
주원탬의 고로시 채널,,0HwyYplbxZA,당신이 모를 수밖에 없는 이세계아이돌의 8가지 TMI,2022-06-01,2022,6
토리에트 Torriet Ch,,O1RRL8pAOZE,【Speed Painting】 이세계 아이돌 4집 공모전 탈락곡 / CLIP STUDIO PAINT / 이세계 아이돌 일러스트,2022-05-31,2022,5
최소공,,KP-mY8C6j1w,이세계아이돌 (YEE SEGYE IDOL) - YEE:WIND,2022-05-31,2022,5
여구리,,YIU3kIlK8X4,이세계아이돌- 리와인드 (RE:WIND) 뮤비커버,2022-05-30,2022,5
애송이드럼 (Asong drum),,k6Pn3H4qAWM,[드럼 레슨 9개월차] 이세계아이돌 - RE:WIND /악보공유/무료악보/드럼악보,2022-05-25,2022,5
Elestee Music,,pPgzVXotCaM,이세계 아이돌 - Rewind (Elestee Remix),2022-05-22,2022,5
히나시스 hynaxis,,Oc59AVD99Fc,RE:WIND 이세계 아이돌 I Cover by hynaxis,2022-05-19,2022,5
왁타버스 WAKTAVERSE,,qSebJ36rUrs,누가 가장 쫄보일까?? - 이세돌 파피 플레이타임 모음집,2022-05-17,2022,5
Lupchan,,ShPeSGH0cNo,플엑포 르르땅 #이세계아이돌 #shorts #cosplay,2022-05-15,2022,5
김바쏘 BassoKim,,D8LBk3h6e-I,[성악 COVER] 겨울봄 - 이세계아이돌 (오케스트라 ver.)｜김바쏘 BassoKim,2022-05-11,2022,5
투미츠,,f24BEhWURbU,리와인드 (RE:WIND) - 이세돌 탈락자 6인 Edition (연습생.ver),2022-05-08,2022,5
Donald도날드,,62862lpFPCI,【도날드】 겨울봄 (Winter Spring) - 이세계아이돌 (ISEGYE IDOL) 남자 Cover,2022-05-06,2022,5
공률 RYUL,,l83HUH8namk,인스타 스토리 고수가 &#39;이세계 아이돌&#39;에 진심일 때,2022-05-06,2022,5
최성원 SungWon,,KugAvxxT0Kc,이세계아이돌-리와인드-기타 / ISEGYE IDOL-RE:WIND-Guitar,2022-05-05,2022,5
SUFFER,,YXAyBlDNy9c,이세계 아이돌 (ISEGYE IDOL) - 리와인드 (RE:WIND) | SUFFER 🌊 커버 보컬 팀,2022-05-01,2022,5
왁타버스 WAKTAVERSE,,Empfi8q0aas,이세돌 싸이퍼 - ISEGYE IDOL CYPHER,2022-04-22,2022,4
사과,,VVITtwPKW-E,이세돌 싸이퍼 (우왁굳 반응),2022-04-22,2022,4
MINATO,,-3dgx4c7FJs,이세계아이돌(ISEGYEIDOL) - RE:WIND Band Cover,2022-04-22,2022,4
Tale Kal 갈동화,,KO4KlGtVItg,리와인드 (RE:WIND) - 이세계아이돌 | Cover by 갈동화,2022-04-19,2022,4
왁타버스 WAKTAVERSE,,TX7LKdO6xY8,만우절에 이세돌들끼리 몸이 바뀌었다.,2022-04-18,2022,4
쟈망MUSIC jiamangMUSIC,,VQomtqE8qvU,겨울봄 재즈발라드 커버 (Winter Spring Jazz Cover / 이세계 아이돌) 【쟈망】,2022-04-14,2022,4
노래하는 고라니,,g5G4v3NCjFI,이세계 아이돌 - 리와인드 (RE:WIND) 시티팝 커버 (Vocal Cover),2022-04-11,2022,4
MR 노래방 l MR karaoke,,cfLIdORDc6A,MR노래방ㆍ남자키] RE : WIND - 이세계 아이돌 (ISEGYE IDOL)ㆍMR Karaoke,2022-04-11,2022,4
아랑개비,,gpNOEGCiFUw,놀라운 토요일에 나온 이세계아이돌 - 리와인드편,2022-04-10,2022,4
라태준 스튜디오,,lspq_m6HX8Y,[라태준] 이세계아이돌 (ISEGYE IDOL) - 겨울봄 | COVER,2022-04-09,2022,4
PINKBERRY,,tiy5p9yWXHo,이세계 아이돌(ISEGYE IDOL) - 리와인드(RE:WIND) Cover by PINKBERRY,2022-04-08,2022,4
징버거 JINGBURGER,,K-WOsGtA9zo,이세계아이돌 &quot;스트롱섹시&quot; 담당 징버거 - VRchat,2022-04-08,2022,4
Root Piano 루트 피아노,,fZkY65B6zKM,이세계 아이돌 - 겨울봄 (Winter Spring) 재즈발라드 커버,2022-04-08,2022,4
백랑 Rangcraft,,8TW8BsdyC8U,이세계 아이돌 겨울봄 300만 기념  #Shorts,2022-04-05,2022,4
너때는말이야!,,B3cVpNZt5AI,륀트게늄 ♥ 교수님 | 이세계 아이돌 #Shorts,2022-04-03,2022,4
PPM Entertainment,,H-Zb3lPVWyo,겨울봄 (Winter Spring) CM 15s - 이세계아이돌(ISEGYE IDOL),2022-03-30,2022,3
PPM Entertainment,,pHoOW-5cDz0,겨울봄 (Winter Spring) CM 30s - 이세계아이돌(ISEGYE IDOL),2022-03-30,2022,3
공시생J군의 인물사전,,Zle12nJdbKU,국내 최초 버츄얼 걸그룹 &#39;이세계 아이돌&#39;에 대한 32가지 재미있는 사실,2022-03-30,2022,3
드럼치는현석,,HKTuZ9f4tE4,겨울봄 (Winter Spring) - 이세계아이돌 (ISEGYE IDOL) - 드럼 커버 (Drum cover) [드럼치는 현석],2022-03-29,2022,3
세기말世紀末,,b4gY0B7pj_k,세기말 inst 이세계 아이돌 - RE:WIND,2022-03-27,2022,3
JIS JEONG MK2,,ULUgzRWfRLU,이세계 아이돌 - 겨울봄 (R&amp;B ver.) (remix by jis jeong),2022-03-27,2022,3
고세구 GOSEGU,,m8UP33X6eJs,단체 합숙! 이세계 아이돌 숙소썰,2022-03-25,2022,3
하나비 hana B,,T49Fh7MAe2I,이세계아이돌 (ISEGYE IDOL) - 겨울봄┃cover by 하나비 hanaB,2022-03-24,2022,3
이유있는영상,,cc4Fs6kH3Hk,ISEGYEIDOL - ‘Winter Spring’ Music Video MV Reaction / 이세계아이돌 - &#39;겨울봄&#39; 리액션🎬,2022-03-24,2022,3
에로몽,,o3IEBphHTqg,"이세계 아이돌 띠용띠용 REMIX (feat 왁굳형,엔젤님)",2022-03-23,2022,3
소하로,,40WfbMpFCxc,【 소하로 】 이세계아이돌 (ISEGYE IDOL) - 리와인드 (RE:WIND) 커버 Cover,2022-03-21,2022,3
안혜연,,y1J0qYR_5qw,겨울봄 - 이세계 아이돌 COVER_안혜연,2022-03-20,2022,3
연필쟁이,,LP_keX2IDvc,겨울봄 (Winter Spring) - 이세계 아이돌 (ISEGYE IDOL) 케인 Cover (풀버전+수정),2022-03-20,2022,3
ISEGYE IDOL - Topic,,RbysxH3gt-Q,겨울봄 (Winter Spring),2022-03-11,2022,3
왁타버스 WAKTAVERSE,,fgSXAKsq-Vo,이세계아이돌 (ISEGYE IDOL) - 리와인드 (RE:WIND) Official MV,2021-12-21,2021,12
ISEGYE IDOL - Topic,,ZuttYdmPfzU,RE : WIND,2021-12-17,2021,12
